{"type": "FeatureCollection", "features": [{"type": "Feature", "properties": {"nome": "Rachel de Queiroz", "key": "RACHEL DE QUEIROZ", "regional": 4, "distrito": 4, "cor": "#194C4C"}, "geometry": {"type": "Polygon", "coordinates": [[[-38.554614978346514, -3.8094727714054226], [-38.5580081222323, -3.8061305893508144], [-38.55994706185151, -3.8029531076065792], [-38.560528265123104, -3.801390978423275], [-38.56177582215449, -3.799787466988724], [-38.562609599598105, -3.7970667930895865], [-38.56349523370461, -3.7955617865973106], [-38.56062899706684, -3.787994436508995], [-38.560079085002364, -3.788629878957907], [-38.55770274056532, -3.789709158208717], [-38.55558425574689, -3.7913229746244284], [-38.55443671265745, -3.791482327298371], [-38.55073065874875, -3.793347993045723], [-38.55016358200926, -3.7929309187448035], [-38.549639644859646, -3.79301661241053], [-38.554614978346514, -3.8094727714054226]]]}}, {"type": "Feature", "properties": {"nome": "José Bonifácio", "key": "JOSE BONIFACIO", "regional": 4, "distrito": 4, "cor": "#194C4C"}, "geometry": {"type": "Polygon", "coordinates": [[[-38.523928312458885, -3.736903532990188], [-38.52263722791493, -3.743120716154606], [-38.523715815151824, -3.743366172684255], [-38.52387343817491, -3.742635758346448], [-38.52862931465509, -3.7431700435002737], [-38.53124922948398, -3.7423171595385423], [-38.53160176703595, -3.743350579829576], [-38.53434119848282, -3.7424692701154623], [-38.531894801612836, -3.734401857420989], [-38.523928312458885, -3.736903532990188]]]}}, {"type": "Feature", "properties": {"nome": "Antônio Bezerra", "key": "ANTONIO BEZERRA", "regional": 3, "distrito": 3, "cor": "#7B3517"}, "geometry": {"type": "Polygon", "coordinates": [[[-38.59857718603573, -3.7378765231577282], [-38.58458370749392, -3.7316161604915417], [-38.584096848368326, -3.7359334128591475], [-38.58541093932185, -3.737755265110746], [-38.58487708174622, -3.7444249970258916], [-38.58539767169592, -3.7446702196870647], [-38.586308814480155, -3.746574536658369], [-38.58895608365666, -3.748682362463025], [-38.59519379959544, -3.7478248624867487], [-38.59581386339891, -3.748164896781407], [-38.59661189520606, -3.7476689587574783], [-38.59829743108075, -3.7475046555222153], [-38.598598645017596, -3.746767253010434], [-38.59780184166726, -3.7460890309241144], [-38.597495572013855, -3.744915566194775], [-38.59804342928534, -3.7432633633121304], [-38.599461884751115, -3.741677855575575], [-38.600783863083784, -3.7417220456778284], [-38.60120591812925, -3.741195667773234], [-38.5988622479204, -3.7408053670737655], [-38.5991347647289, -3.7388285540170467], [-38.59857718603573, -3.7378765231577282]]]}}, {"type": "Feature", "properties": {"nome": "Genibaú", "key": "GENIBAU", "regional": 5, "distrito": 5, "cor": "#6E5929"}, "geometry": {"type": "Polygon", "coordinates": [[[-38.61184702483909, -3.75727345404982], [-38.60934181394937, -3.7539961469779226], [-38.60133244102493, -3.7484655666960287], [-38.60064174153343, -3.7473346947298856], [-38.598931069665625, -3.7422291355637602], [-38.59804342928534, -3.7432633633121304], [-38.598012044226685, -3.7439568095073197], [-38.59749125340364, -3.7448051079315468], [-38.59780184166726, -3.7460890309241144], [-38.59858022427344, -3.74670921231943], [-38.598645812695395, -3.748148098483639], [-38.59948398492195, -3.7491384361046878], [-38.59926721107617, -3.7548714333694453], [-38.59851332538646, -3.7573526230642558], [-38.597766433149644, -3.758443408775876], [-38.59796001674086, -3.7593961739804094], [-38.596755473742334, -3.7596879690884277], [-38.5963145343181, -3.760597306081442], [-38.595394449540514, -3.7613424042178183], [-38.595012284931755, -3.7623928849917982], [-38.594680795852675, -3.763906680038515], [-38.59501459351511, -3.7654285067782904], [-38.59446488256555, -3.765966093721562], [-38.593923753637, -3.7680013917239705], [-38.59439426505076, -3.7710729105470464], [-38.59589481710898, -3.771953131599213], [-38.5961178672665, -3.7728755246664605], [-38.59783110251211, -3.7720020991344443], [-38.59687730013447, -3.767179354704409], [-38.59699556418185, -3.7664528263038632], [-38.59771911882138, -3.7659034857123697], [-38.59871132204401, -3.7658565589027235], [-38.60116807213151, -3.766898800261775], [-38.60375833894541, -3.7599645653824663], [-38.6075117308706, -3.758702790247884], [-38.60797405239617, -3.7588161716082307], [-38.61184702483909, -3.75727345404982]]]}}, {"type": "Feature", "properties": {"nome": "Edson Queiroz", "key": "EDSON QUEIROZ", "regional": 6, "distrito": 6, "cor": "#4E2E3E"}, "geometry": {"type": "Polygon", "coordinates": [[[-38.49065855172037, -3.752309071691655], [-38.48867006239757, -3.7523783367683934], [-38.48671335175875, -3.751678532853117], [-38.485775289858005, -3.7519250647547944], [-38.47356195808704, -3.760626074940533], [-38.46939905909896, -3.7650348478853246], [-38.46045421404554, -3.7677216980321147], [-38.45916358412615, -3.7677265748718582], [-38.45667052202002, -3.7668446051753413], [-38.45437040474421, -3.7671271666081223], [-38.451402115564065, -3.768923040118812], [-38.442582788298, -3.775287615164625], [-38.44123338459254, -3.7765562405040543], [-38.438768653907935, -3.777785800311092], [-38.438335685707244, -3.77840748637552], [-38.43867106898488, -3.780054922216415], [-38.43807984817301, -3.780560063957219], [-38.43701985216403, -3.780212891004326], [-38.43615836248026, -3.7789399963999055], [-38.43617055516247, -3.777571109719947], [-38.43791017761919, -3.771824017385399], [-38.43775231297614, -3.7711082270773266], [-38.43713062386736, -3.770642058646362], [-38.436002227468286, -3.771162471227718], [-38.43548208207893, -3.7710641517253087], [-38.435381806661304, -3.770407105090195], [-38.43586613892336, -3.769071502504336], [-38.433700181822516, -3.771622266973863], [-38.430250477145194, -3.777877823313694], [-38.43283041660184, -3.779409583417528], [-38.43356745632348, -3.7795182045975206], [-38.44015537576636, -3.7850769352566056], [-38.44637959819268, -3.793649810441914], [-38.448131198733876, -3.794068063698615], [-38.449820095656094, -3.7958431007185154], [-38.45212903246884, -3.800191248252375], [-38.45410757538394, -3.7977465231918157], [-38.45412597785798, -3.7968629281268793], [-38.45534625338817, -3.7935799061960185], [-38.45649082817046, -3.7926565508479957], [-38.45818549002378, -3.7925796937480234], [-38.45824106045309, -3.791876108761243], [-38.45890332427042, -3.791926225213504], [-38.45925941439577, -3.7876145569039767], [-38.480458571840174, -3.789446768308576], [-38.482116732588146, -3.768144301298066], [-38.48303619452536, -3.759968655000422], [-38.48344306872774, -3.759191683874523], [-38.484235761350256, -3.758703103829804], [-38.491246265477336, -3.756805597736603], [-38.49139624629161, -3.7559267638082665], [-38.49065855172037, -3.752309071691655]]]}}, {"type": "Feature", "properties": {"nome": "Bom Futuro", "key": "BOM FUTURO", "regional": 4, "distrito": 4, "cor": "#194C4C"}, "geometry": {"type": "Polygon", "coordinates": [[[-38.54623965713757, -3.761869409770397], [-38.54850525726266, -3.7597470866355955], [-38.55043749613485, -3.758986205483742], [-38.54630237590934, -3.753948496770659], [-38.54222473863053, -3.7571945738669257], [-38.54623965713757, -3.761869409770397]]]}}, {"type": "Feature", "properties": {"nome": "Bonsucesso", "key": "BONSUCESSO", "regional": 3, "distrito": 3, "cor": "#7B3517"}, "geometry": {"type": "Polygon", "coordinates": [[[-38.58171092727205, -3.7753172436183835], [-38.57620280134527, -3.77678001518848], [-38.58344884889707, -3.785093815154162], [-38.58482583502729, -3.7873227843192088], [-38.59157932063002, -3.7939507094191285], [-38.591961973461814, -3.793412929360168], [-38.59157798487409, -3.7922790764256646], [-38.59187533598545, -3.7909440324100867], [-38.591743020449734, -3.790482276886289], [-38.59104185231843, -3.790075101268026], [-38.59071231328194, -3.7890847283073934], [-38.59095102407338, -3.786499467719081], [-38.59206146079163, -3.7857438175511327], [-38.59236935937345, -3.7848328247834164], [-38.59328870244634, -3.7846037427588293], [-38.59392086772994, -3.7806354494834644], [-38.59581836442975, -3.777936470940945], [-38.59511685695901, -3.7765611811996282], [-38.5954249259164, -3.775266240908761], [-38.59609796180775, -3.7745849316082216], [-38.59581937915364, -3.774022994938748], [-38.59630846466458, -3.773337605627496], [-38.595947792898016, -3.7720309039591737], [-38.59556198588425, -3.7717751153051853], [-38.59265430181259, -3.7740369558838585], [-38.59094750222983, -3.772517410684354], [-38.58864076509628, -3.7740654133876697], [-38.586676751283846, -3.7739116462332594], [-38.584675732411604, -3.7731299189140857], [-38.58171092727205, -3.7753172436183835]]]}}, {"type": "Feature", "properties": {"nome": "Demócrito Rocha", "key": "DEMOCRITO ROCHA", "regional": 4, "distrito": 4, "cor": "#194C4C"}, "geometry": {"type": "Polygon", "coordinates": [[[-38.56670830910737, -3.764139089435364], [-38.572396200208786, -3.7610971566471325], [-38.5695925279668, -3.756487041257778], [-38.561120755117884, -3.7620079114748757], [-38.558247320613845, -3.7634107984776173], [-38.55981364130568, -3.7672363813557217], [-38.56670830910737, -3.764139089435364]]]}}, {"type": "Feature", "properties": {"nome": "Dias Macedo", "key": "DIAS MACEDO", "regional": 6, "distrito": 6, "cor": "#4E2E3E"}, "geometry": {"type": "Polygon", "coordinates": [[[-38.53165087664317, -3.796986889771939], [-38.52794733828252, -3.784496475015889], [-38.52414211056591, -3.7833038013242084], [-38.517321121265354, -3.7843775151912302], [-38.51683818422883, -3.783911502408774], [-38.51548190737203, -3.7801016844693853], [-38.514497172471806, -3.7792696789864237], [-38.512620262602326, -3.783650874493686], [-38.513494090833184, -3.783902311729581], [-38.51334122431362, -3.7853727481834856], [-38.51295393080168, -3.785850923058801], [-38.51314565855918, -3.7879222272229836], [-38.5136655143869, -3.788583939760856], [-38.51443209994673, -3.7884594084464247], [-38.51494962321228, -3.7887992449856682], [-38.51535603776945, -3.790090756375292], [-38.51542683123357, -3.791585301669171], [-38.51516380912536, -3.79229453904651], [-38.51403931643557, -3.7920174731447216], [-38.51386674070998, -3.7927747264622473], [-38.514536727656406, -3.7930305883134507], [-38.517440204255124, -3.7923820947981035], [-38.516928743539225, -3.789778024923672], [-38.517069831488676, -3.7874247817128914], [-38.51832757327059, -3.788346094777828], [-38.51865519149898, -3.78897992799687], [-38.519277158537406, -3.7890572720041025], [-38.51955320474498, -3.789787007422822], [-38.520600966286025, -3.790207920139063], [-38.520773307150556, -3.7921480976211996], [-38.52113368933678, -3.792619117914263], [-38.52202201988525, -3.7927635075566126], [-38.52310803901161, -3.792172112378732], [-38.52446022342634, -3.792002454903032], [-38.52576033909036, -3.792838782375024], [-38.52663373153089, -3.792726921754108], [-38.52741836663415, -3.7952360807852545], [-38.527917502511265, -3.795900930819359], [-38.53141684209245, -3.7975778856049978], [-38.53165087664317, -3.796986889771939]]]}}, {"type": "Feature", "properties": {"nome": "Itaperi", "key": "ITAPERI", "regional": 4, "distrito": 4, "cor": "#194C4C"}, "geometry": {"type": "Polygon", "coordinates": [[[-38.554956012459314, -3.7826235242658766], [-38.55308273874661, -3.7847978850811694], [-38.54721986850915, -3.7879194204938456], [-38.53707421790214, -3.7915026701844816], [-38.53537646760937, -3.7926952532792364], [-38.5321962771206, -3.7958403353071546], [-38.53141684209245, -3.7975778856049978], [-38.531810271079415, -3.7977389335046023], [-38.53225674315494, -3.7972943016543526], [-38.533206495132326, -3.7972165571691052], [-38.534171314316, -3.797291342186873], [-38.53453617488943, -3.7976306651858214], [-38.53606002852998, -3.7968164915870624], [-38.53703420079666, -3.797025708574054], [-38.53807265343932, -3.7960833614633622], [-38.53832848282781, -3.79626778786834], [-38.53935903630536, -3.7959998998634594], [-38.539703152291295, -3.795571758398688], [-38.542569076132565, -3.7954941832594082], [-38.544095376929015, -3.794787287123266], [-38.54496957663859, -3.794737258874855], [-38.54572816254006, -3.7938982583868146], [-38.54808601097045, -3.7929902518608345], [-38.55016358200926, -3.7929309187448035], [-38.55073065874875, -3.793347993045723], [-38.55443671265745, -3.791482327298371], [-38.55558425574689, -3.7913229746244284], [-38.55770274056532, -3.789709158208717], [-38.560079085002364, -3.788629878957907], [-38.56062899706684, -3.787994436508995], [-38.56432066696225, -3.7870196852733686], [-38.56673829725471, -3.787554454042086], [-38.566699007099636, -3.7863609787571173], [-38.56578007451715, -3.783290694053048], [-38.564113340761466, -3.7838124063585177], [-38.56063956850851, -3.7793983489974354], [-38.554956012459314, -3.7826235242658766]]]}}, {"type": "Feature", "properties": {"nome": "Carlito Pamplona", "key": "CARLITO PAMPLONA", "regional": 1, "distrito": 1, "cor": "#113D56"}, "geometry": {"type": "Polygon", "coordinates": [[[-38.55052029738387, -3.722934297003984], [-38.55854714401433, -3.7209886551126052], [-38.56099512645539, -3.7216237345078715], [-38.56155329773335, -3.719271005584453], [-38.5588671611439, -3.7112424148232703], [-38.55326879260778, -3.7123789683205635], [-38.548057616370144, -3.713906425488674], [-38.54632992600386, -3.714712515828427], [-38.546392477047306, -3.7153916817013917], [-38.548243422490664, -3.7162244256300405], [-38.549496329641435, -3.7163538853346876], [-38.54994894629742, -3.7178566794316787], [-38.55053088044692, -3.717814958008388], [-38.54957588731325, -3.719975989145616], [-38.55052029738387, -3.722934297003984]]]}}, {"type": "Feature", "properties": {"nome": "São Gerardo", "key": "SAO GERARDO", "regional": 1, "distrito": 1, "cor": "#113D56"}, "geometry": {"type": "Polygon", "coordinates": [[[-38.56509005502412, -3.727175560270487], [-38.552545544881305, -3.724904928992663], [-38.552723331334974, -3.7269969048180527], [-38.55205079548308, -3.727079168411043], [-38.55218594299423, -3.728157486475899], [-38.550494822451455, -3.728380177463985], [-38.55016584872361, -3.7287953214016216], [-38.54975172332393, -3.7284659471523995], [-38.548545330612235, -3.7286246787777513], [-38.54889043450498, -3.732541862037879], [-38.56415379929226, -3.7356791245017678], [-38.56509005502412, -3.727175560270487]]]}}, {"type": "Feature", "properties": {"nome": "Moura Brasil", "key": "MOURA BRASIL", "regional": 1, "distrito": 1, "cor": "#113D56"}, "geometry": {"type": "Polygon", "coordinates": [[[-38.54170001185627, -3.717919633615709], [-38.54198746339761, -3.7154446352876307], [-38.542742560385335, -3.7149564235003774], [-38.5423906561332, -3.71425213972696], [-38.539363601058085, -3.7163689323530384], [-38.538970457339815, -3.7164883235972392], [-38.538708555258445, -3.7160214680679324], [-38.53642049028519, -3.7173966273843595], [-38.53523151986133, -3.7172220324669167], [-38.530748935618874, -3.7191170111948093], [-38.53007969895161, -3.718256645425584], [-38.52797330709779, -3.7187923786880255], [-38.529978790930905, -3.7185174056265273], [-38.530453394928706, -3.7190903466894554], [-38.528508840414936, -3.719833846913652], [-38.527823421402736, -3.719370018343989], [-38.526214529851465, -3.719708040932044], [-38.52685946254459, -3.7220773399676], [-38.53147218429454, -3.7205128446533524], [-38.53314267025288, -3.720371144730748], [-38.54170001185627, -3.717919633615709]]]}}, {"type": "Feature", "properties": {"nome": "Aldeota", "key": "ALDEOTA", "regional": 2, "distrito": 2, "cor": "#22542D"}, "geometry": {"type": "Polygon", "coordinates": [[[-38.49213061156716, -3.7469690003522254], [-38.51755352279252, -3.738913580878196], [-38.513877837939845, -3.728026118947222], [-38.49790404018416, -3.733091388069689], [-38.497741759162665, -3.732595634059419], [-38.49673741039248, -3.732920396390859], [-38.49689075438388, -3.733417057671026], [-38.488598406583854, -3.7359601268082354], [-38.488450085534474, -3.73948784657238], [-38.48724966264745, -3.739867924300418], [-38.49213061156716, -3.7469690003522254]]]}}, {"type": "Feature", "properties": {"nome": "Amadeu Furtado", "key": "AMADEU FURTADO", "regional": 3, "distrito": 3, "cor": "#7B3517"}, "geometry": {"type": "Polygon", "coordinates": [[[-38.559446251425214, -3.7505106498700864], [-38.56664060253427, -3.741965848908405], [-38.552069844507244, -3.7389855842951865], [-38.5519376798999, -3.739692514846665], [-38.55235876956548, -3.7397828031545304], [-38.55495892281016, -3.743568149605741], [-38.55424411109273, -3.744219221743642], [-38.559510125865614, -3.750092689320541], [-38.559264831361524, -3.7503230810867914], [-38.559446251425214, -3.7505106498700864]]]}}, {"type": "Feature", "properties": {"nome": "Barra do Ceará", "key": "BARRA DO CEARA", "regional": 1, "distrito": 1, "cor": "#113D56"}, "geometry": {"type": "Polygon", "coordinates": [[[-38.591908929969, -3.700977133002712], [-38.58947278160753, -3.699198735125726], [-38.58758319706119, -3.696405976153757], [-38.58762661367431, -3.692527375004675], [-38.58727000200592, -3.691721589893913], [-38.583712357705046, -3.693830003956972], [-38.58140425753726, -3.693818150044413], [-38.58091133970721, -3.6927705014726295], [-38.581193693034905, -3.69208701928106], [-38.580698726466764, -3.6928138093543947], [-38.580665791613164, -3.6935305666973344], [-38.577853193194485, -3.69587495755075], [-38.57746009591614, -3.6959226271350403], [-38.57643086299991, -3.6945558793263977], [-38.57721048867768, -3.6958899396674694], [-38.57548138325597, -3.6982195493660504], [-38.574623384358794, -3.6987577792609283], [-38.5739834969308, -3.6982764970777113], [-38.57370523799548, -3.698805854176082], [-38.57101284285021, -3.700646981057878], [-38.570469324172514, -3.6995818944954535], [-38.57085657883693, -3.70070200760876], [-38.568426735456455, -3.7019340304328145], [-38.572286260269486, -3.7123084791423384], [-38.57799983649036, -3.7103459976027366], [-38.5799774930605, -3.7156499298711774], [-38.581179871429875, -3.715253144239161], [-38.58866941298795, -3.714542965537828], [-38.59169240403783, -3.7029362375733363], [-38.591978361540576, -3.7027391867191675], [-38.591765176436894, -3.7025449541805475], [-38.591908929969, -3.700977133002712]]]}}, {"type": "Feature", "properties": {"nome": "Benfica", "key": "BENFICA", "regional": 4, "distrito": 4, "cor": "#194C4C"}, "geometry": {"type": "Polygon", "coordinates": [[[-38.531894801612836, -3.734401857420989], [-38.5368264603158, -3.7506029239574565], [-38.53905800698829, -3.7493058755323587], [-38.54067125265869, -3.747496201210389], [-38.542873263311904, -3.747140938919477], [-38.545412990738285, -3.745083155105806], [-38.54332834465767, -3.74289659840263], [-38.54315043220508, -3.742313006400054], [-38.54364241960257, -3.738007305616899], [-38.5415998144084, -3.7372105457752967], [-38.53858319468534, -3.7377908204511963], [-38.53817222537664, -3.7381333674083637], [-38.537435429788935, -3.737246572446292], [-38.53618483804567, -3.7330447538545006], [-38.531894801612836, -3.734401857420989]]]}}, {"type": "Feature", "properties": {"nome": "Centro", "key": "CENTRO", "regional": null, "distrito": null, "cor": "#CFC9BC"}, "geometry": {"type": "Polygon", "coordinates": [[[-38.539922907137424, -3.7306349323940373], [-38.54074699715853, -3.7249166246891017], [-38.54173598320087, -3.7246097979921164], [-38.54105672617126, -3.722656579350809], [-38.54170001185627, -3.717919633615709], [-38.53314267025288, -3.720371144730748], [-38.53147218429454, -3.7205128446533524], [-38.52685946254459, -3.7220773399676], [-38.526214529851465, -3.719708040932044], [-38.52559249534522, -3.7199449994885523], [-38.52512548791305, -3.71976019543434], [-38.524725982952404, -3.719283342746288], [-38.525059719254074, -3.7189484346805926], [-38.52437529866837, -3.7191733852907487], [-38.52401826278378, -3.718455158570389], [-38.52475713451751, -3.717976808750961], [-38.52386343568968, -3.7183353874333473], [-38.52373257545452, -3.7180241114321366], [-38.52449077001292, -3.717690799632453], [-38.52436709383916, -3.7174162125382955], [-38.523666141264606, -3.71774611536001], [-38.52349985480225, -3.7173141220178936], [-38.52261396314147, -3.718130486150732], [-38.52230973296588, -3.717468398715262], [-38.52650967254932, -3.7155841872018383], [-38.52759273468738, -3.7160273807846247], [-38.52655470559882, -3.715401433023831], [-38.5210402607811, -3.7178551054191202], [-38.520483732069465, -3.7160993903154953], [-38.520565639675404, -3.7172909854223555], [-38.52022248268114, -3.717394919425593], [-38.51970155562884, -3.7157825534633795], [-38.52010807500533, -3.717470255051037], [-38.51986748884542, -3.71770612138229], [-38.51985461845411, -3.7208349654678483], [-38.5193409441393, -3.7207597391131464], [-38.519520941189164, -3.7235622815226788], [-38.51261309283046, -3.7240105745054612], [-38.51640781372382, -3.7361180170805524], [-38.516667339433155, -3.7360336823795075], [-38.51755352279252, -3.738913580878196], [-38.54054030604805, -3.731647830866996], [-38.540200285136414, -3.7306978349078883], [-38.539922907137424, -3.7306349323940373]]]}}, {"type": "Feature", "properties": {"nome": "Jardim Guanabara", "key": "JARDIM GUANABARA", "regional": 1, "distrito": 1, "cor": "#113D56"}, "geometry": {"type": "Polygon", "coordinates": [[[-38.59557143553802, -3.725512637135309], [-38.5937541337, -3.719287255761743], [-38.58901048218582, -3.720641093796977], [-38.58709755745257, -3.720653824555858], [-38.58497617124477, -3.728633954483006], [-38.59557143553802, -3.725512637135309]]]}}, {"type": "Feature", "properties": {"nome": "Mucuripe", "key": "MUCURIPE", "regional": 2, "distrito": 2, "cor": "#22542D"}, "geometry": {"type": "Polygon", "coordinates": [[[-38.48888066150482, -3.7293949752751288], [-38.48994371620613, -3.723271020669639], [-38.48852213982984, -3.72242870218635], [-38.48628653620915, -3.7228619728691283], [-38.48458198528304, -3.722289047910436], [-38.4830165175815, -3.722421565564698], [-38.47938684374436, -3.720907009840641], [-38.47900207353977, -3.721983467716396], [-38.47953867925793, -3.7225150803913114], [-38.48030876476769, -3.7242920333643763], [-38.4802685855574, -3.7284253974227197], [-38.48176077872865, -3.7310147940013834], [-38.487487362536186, -3.729322451248471], [-38.48839468829021, -3.7291181364538897], [-38.48838550156856, -3.729378952494034], [-38.48888066150482, -3.7293949752751288]]]}}, {"type": "Feature", "properties": {"nome": "Cocó", "key": "COCO", "regional": 2, "distrito": 2, "cor": "#22542D"}, "geometry": {"type": "Polygon", "coordinates": [[[-38.46764503012638, -3.7496824018356225], [-38.47461651845812, -3.747424531601415], [-38.47555597527303, -3.7503380582520185], [-38.476259846907105, -3.7525974384779133], [-38.4691613972595, -3.7548878494525346], [-38.47179599149559, -3.7625714381617064], [-38.47409301723049, -3.7602067789839433], [-38.485775289858005, -3.7519250647547944], [-38.48671335175875, -3.751678532853117], [-38.48867006239757, -3.7523783367683934], [-38.49065855172037, -3.752309071691655], [-38.49022930343749, -3.7503739043118727], [-38.49391151737217, -3.749197854355996], [-38.490676961676265, -3.7450851600391575], [-38.48724966264745, -3.739867924300418], [-38.46671442377843, -3.7465003232402263], [-38.46764503012638, -3.7496824018356225]]]}}, {"type": "Feature", "properties": {"nome": "Cristo Redentor", "key": "CRISTO REDENTOR", "regional": 1, "distrito": 1, "cor": "#113D56"}, "geometry": {"type": "Polygon", "coordinates": [[[-38.5588671611439, -3.7112424148232703], [-38.56344383663804, -3.7100869237896887], [-38.56412574719101, -3.7121484664182898], [-38.568312761120325, -3.710752958521231], [-38.56920175715777, -3.713375958473449], [-38.572286260269486, -3.7123084791423384], [-38.568426735456455, -3.7019340304328145], [-38.56666351200062, -3.702882836200867], [-38.563193446051216, -3.7031704409749056], [-38.562073943696355, -3.700471861547487], [-38.56336333065084, -3.6986954881948955], [-38.56424204327017, -3.6986825175624998], [-38.56331957218586, -3.6985288717594083], [-38.56189941167031, -3.7004749649008963], [-38.56319353239064, -3.703810314794475], [-38.5600267939253, -3.705201302543118], [-38.559728918978934, -3.705165329038059], [-38.559059480635135, -3.7038719487864262], [-38.55916911073171, -3.7048897582731946], [-38.55724611489367, -3.7059773264098506], [-38.5588671611439, -3.7112424148232703]]]}}, {"type": "Feature", "properties": {"nome": "Conjunto Esperança", "key": "CONJUNTO ESPERANCA", "regional": 5, "distrito": 5, "cor": "#6E5929"}, "geometry": {"type": "Polygon", "coordinates": [[[-38.5843861193503, -3.815494496364512], [-38.588303872100575, -3.8212764570171314], [-38.59658997047574, -3.813580950042534], [-38.597894814668074, -3.812693364645406], [-38.59604388304688, -3.8097160538794705], [-38.59428171899377, -3.8075809318831704], [-38.591053808952175, -3.8099803393478955], [-38.58719996615463, -3.814477890082338], [-38.586274063635145, -3.815058076209408], [-38.5843861193503, -3.815494496364512]]]}}, {"type": "Feature", "properties": {"nome": "Damas", "key": "DAMAS", "regional": 4, "distrito": 4, "cor": "#194C4C"}, "geometry": {"type": "Polygon", "coordinates": [[[-38.545412990738285, -3.745083155105806], [-38.542973817846686, -3.747089023582566], [-38.541711024052226, -3.7472804613954294], [-38.54721462049477, -3.7532248230756027], [-38.54630237590934, -3.753948496770659], [-38.55043749613485, -3.758986205483742], [-38.55351561411455, -3.7569470504127795], [-38.555408844617475, -3.755024545456241], [-38.545412990738285, -3.745083155105806]]]}}, {"type": "Feature", "properties": {"nome": "Dionísio Torres", "key": "DIONISIO TORRES", "regional": 2, "distrito": 2, "cor": "#22542D"}, "geometry": {"type": "Polygon", "coordinates": [[[-38.49213061156716, -3.7469690003522254], [-38.49543067963099, -3.7508047323696627], [-38.500121513607404, -3.752006112806999], [-38.50227942969982, -3.753336554247221], [-38.50731472429139, -3.751998307257242], [-38.51235377454613, -3.7525888695865013], [-38.50884906778375, -3.7416493338488084], [-38.49213061156716, -3.7469690003522254]]]}}, {"type": "Feature", "properties": {"nome": "Farias Brito", "key": "FARIAS BRITO", "regional": 1, "distrito": 1, "cor": "#113D56"}, "geometry": {"type": "Polygon", "coordinates": [[[-38.53618483804567, -3.7330447538545006], [-38.537435429788935, -3.737246572446292], [-38.53817222537664, -3.7381333674083637], [-38.53858319468534, -3.7377908204511963], [-38.5415998144084, -3.7372105457752967], [-38.54364241960257, -3.738007305616899], [-38.54479685949036, -3.73158145875803], [-38.54906104644108, -3.732377493844619], [-38.548545330612235, -3.7286246787777513], [-38.54617836594042, -3.7285384059828033], [-38.54596015901147, -3.726739748889812], [-38.54552198719364, -3.726707352588565], [-38.54024818573261, -3.7284220116503293], [-38.539922907137424, -3.7306349323940373], [-38.540200285136414, -3.7306978349078883], [-38.54054030604805, -3.731647830866996], [-38.53618483804567, -3.7330447538545006]]]}}, {"type": "Feature", "properties": {"nome": "Floresta", "key": "FLORESTA", "regional": 1, "distrito": 1, "cor": "#113D56"}, "geometry": {"type": "Polygon", "coordinates": [[[-38.58181774148579, -3.730388386231722], [-38.58070888233138, -3.7181829540024163], [-38.579368366417505, -3.718315828881427], [-38.57859823970371, -3.716171000277608], [-38.5799774930605, -3.7156499298711774], [-38.57799983649036, -3.7103459976027366], [-38.572286260269486, -3.7123084791423384], [-38.57437541517593, -3.7177488528246996], [-38.57334964694408, -3.7182094306123092], [-38.57376346728139, -3.7192809886922675], [-38.56900648578562, -3.7218742910024667], [-38.5706949646093, -3.724852675809574], [-38.5715965651189, -3.725802454473829], [-38.58181774148579, -3.730388386231722]]]}}, {"type": "Feature", "properties": {"nome": "Jardim América", "key": "JARDIM AMERICA", "regional": 4, "distrito": 4, "cor": "#194C4C"}, "geometry": {"type": "Polygon", "coordinates": [[[-38.54138080241637, -3.7578616193134016], [-38.54721462049477, -3.7532248230756027], [-38.54197782605831, -3.7474383906107502], [-38.5412978966221, -3.7472783337362165], [-38.54046898502404, -3.7476478741376056], [-38.538970702900095, -3.7493737067593185], [-38.5368264603158, -3.7506029239574565], [-38.53887220291301, -3.757332999147871], [-38.540819527060876, -3.756749445712782], [-38.54138080241637, -3.7578616193134016]]]}}, {"type": "Feature", "properties": {"nome": "Jardim Iracema", "key": "JARDIM IRACEMA", "regional": 1, "distrito": 1, "cor": "#113D56"}, "geometry": {"type": "Polygon", "coordinates": [[[-38.58866941298795, -3.714542965537828], [-38.58114608907288, -3.7152581091703643], [-38.57859823970371, -3.716171000277608], [-38.579368366417505, -3.718315828881427], [-38.58070888233138, -3.7181829540024163], [-38.58181774148579, -3.730388386231722], [-38.58458370749392, -3.7316161604915417], [-38.58508712993076, -3.728139797181799], [-38.58866941298795, -3.714542965537828]]]}}, {"type": "Feature", "properties": {"nome": "Fátima", "key": "FATIMA", "regional": 4, "distrito": 4, "cor": "#194C4C"}, "geometry": {"type": "Polygon", "coordinates": [[[-38.53770222319326, -3.7534610222255025], [-38.53434119848282, -3.7424692701154623], [-38.53160176703595, -3.743350579829576], [-38.53124922948398, -3.7423171595385423], [-38.52862931465509, -3.7431700435002737], [-38.52387343817491, -3.742635758346448], [-38.523715815151824, -3.743366172684255], [-38.52263722791493, -3.743120716154606], [-38.51899789555141, -3.7600658135272185], [-38.52105942149004, -3.759608642405701], [-38.52281148132401, -3.7576468010181046], [-38.5239274855144, -3.7572857765023437], [-38.52742356414437, -3.758911572107234], [-38.52866567128917, -3.760461326415958], [-38.52969577739457, -3.7603323138660874], [-38.53770222319326, -3.7534610222255025]]]}}, {"type": "Feature", "properties": {"nome": "Jacarecanga", "key": "JACARECANGA", "regional": 1, "distrito": 1, "cor": "#113D56"}, "geometry": {"type": "Polygon", "coordinates": [[[-38.54689427528885, -3.711834285606102], [-38.546168286823445, -3.712135812248266], [-38.54535688831301, -3.7111165161536332], [-38.54577512278371, -3.7121235775262296], [-38.54349886591359, -3.713690191963542], [-38.54276062186808, -3.7129717734304695], [-38.54216500674237, -3.712983405654707], [-38.54138046935281, -3.711110877356135], [-38.542742560385335, -3.7149564235003774], [-38.54198746339761, -3.7154446352876307], [-38.54105672617126, -3.722656579350809], [-38.54173598320087, -3.7246097979921164], [-38.54074699715853, -3.7249166246891017], [-38.54024818573261, -3.7284220116503293], [-38.545791167003934, -3.7267249306445085], [-38.54619444784389, -3.7246602875893053], [-38.54915782393835, -3.724539922400857], [-38.54894808645543, -3.7234821128397755], [-38.55052029738387, -3.722934297003984], [-38.54957588731325, -3.719975989145616], [-38.55053088044692, -3.717814958008388], [-38.54994894629742, -3.7178566794316787], [-38.549496329641435, -3.7163538853346876], [-38.548243422490664, -3.7162244256300405], [-38.546392477047306, -3.7153916817013917], [-38.54632992600386, -3.714712515828427], [-38.548057616370144, -3.713906425488674], [-38.54689427528885, -3.711834285606102]]]}}, {"type": "Feature", "properties": {"nome": "Joaquim Távora", "key": "JOAQUIM TAVORA", "regional": 2, "distrito": 2, "cor": "#22542D"}, "geometry": {"type": "Polygon", "coordinates": [[[-38.523928312458885, -3.736903532990188], [-38.50884906778375, -3.7416493338488084], [-38.51235377454613, -3.7525888695865013], [-38.52049691169455, -3.7535398702863905], [-38.523928312458885, -3.736903532990188]]]}}, {"type": "Feature", "properties": {"nome": "Meireles", "key": "MEIRELES", "regional": 2, "distrito": 2, "cor": "#22542D"}, "geometry": {"type": "Polygon", "coordinates": [[[-38.513877837939845, -3.728026118947222], [-38.5111507642046, -3.7193495845353977], [-38.509137443391246, -3.720589223904611], [-38.504670958639736, -3.7220307920147135], [-38.50397246251512, -3.7205689319791606], [-38.50471642899339, -3.72275287024287], [-38.50435113055286, -3.722431129056744], [-38.50442234521446, -3.7229264959657287], [-38.50332493205547, -3.7235178985534287], [-38.49893749600561, -3.7245687792910678], [-38.49493443688366, -3.724973584792976], [-38.49416986219636, -3.72289190730238], [-38.49454668935283, -3.7226071222736663], [-38.493886559260716, -3.7226256890571587], [-38.494432332638176, -3.7244570911293717], [-38.49363521392358, -3.7246684634615503], [-38.49073848820364, -3.7242758370747175], [-38.48994371620613, -3.723271020669639], [-38.488911875569784, -3.72854323905483], [-38.488598406583854, -3.7359601268082354], [-38.49689075438388, -3.733417057671026], [-38.49673741039248, -3.732920396390859], [-38.497741759162665, -3.732595634059419], [-38.49790404018416, -3.733091388069689], [-38.513877837939845, -3.728026118947222]]]}}, {"type": "Feature", "properties": {"nome": "Parreão", "key": "PARREAO", "regional": 4, "distrito": 4, "cor": "#194C4C"}, "geometry": {"type": "Polygon", "coordinates": [[[-38.52866567128917, -3.760461326415958], [-38.52953692428156, -3.76263635962279], [-38.535438023283895, -3.7608231355619774], [-38.53626132181109, -3.7635020039079223], [-38.540371715174714, -3.7622406174260132], [-38.54081406904217, -3.7636912539377616], [-38.54623965713757, -3.761869409770397], [-38.54222473863053, -3.7571945738669257], [-38.54138080241637, -3.7578616193134016], [-38.540819527060876, -3.756749445712782], [-38.53887220291301, -3.757332999147871], [-38.53770222319326, -3.7534610222255025], [-38.52988302382198, -3.7602298467516158], [-38.52866567128917, -3.760461326415958]]]}}, {"type": "Feature", "properties": {"nome": "Rodolfo Teófilo", "key": "RODOLFO TEOFILO", "regional": 3, "distrito": 3, "cor": "#7B3517"}, "geometry": {"type": "Polygon", "coordinates": [[[-38.543768210307135, -3.7372700405370622], [-38.54307829275018, -3.7414125236411366], [-38.54332834465767, -3.74289659840263], [-38.555408844617475, -3.755024545456241], [-38.55920580917138, -3.7508117717844383], [-38.559510125865614, -3.750092689320541], [-38.55424411109273, -3.744219221743642], [-38.55495892281016, -3.743568149605741], [-38.55235876956548, -3.7397828031545304], [-38.5519376798999, -3.739692514846665], [-38.552069844507244, -3.7389855842951865], [-38.543768210307135, -3.7372700405370622]]]}}, {"type": "Feature", "properties": {"nome": "Monte Castelo", "key": "MONTE CASTELO", "regional": 1, "distrito": 1, "cor": "#113D56"}, "geometry": {"type": "Polygon", "coordinates": [[[-38.54617836594042, -3.7285384059828033], [-38.54975172332393, -3.7284659471523995], [-38.55016584872361, -3.7287953214016216], [-38.550494822451455, -3.728380177463985], [-38.55218594299423, -3.728157486475899], [-38.55205079548308, -3.727079168411043], [-38.552723331334974, -3.7269969048180527], [-38.552545544881305, -3.724904928992663], [-38.55977838405571, -3.7262469246296717], [-38.56099512645539, -3.7216237345078715], [-38.5585343961071, -3.72099063031419], [-38.549319747163715, -3.723330132387613], [-38.54894808645543, -3.7234821128397755], [-38.54915782393835, -3.724539922400857], [-38.54619444784389, -3.7246602875893053], [-38.545791167003934, -3.7267249306445085], [-38.54617836594042, -3.7285384059828033]]]}}, {"type": "Feature", "properties": {"nome": "Pedras", "key": "PEDRAS", "regional": 6, "distrito": 6, "cor": "#4E2E3E"}, "geometry": {"type": "Polygon", "coordinates": [[[-38.50171358304346, -3.8881268973944407], [-38.504554711017924, -3.88824017671026], [-38.504561949365446, -3.8891129110305607], [-38.50575500000002, -3.890541999847622], [-38.508504999999985, -3.888747999847612], [-38.51085600000001, -3.888697999847639], [-38.51163338879982, -3.8890686090996187], [-38.51265878511555, -3.8902651257093455], [-38.51406444049491, -3.8946030633001882], [-38.531158000000005, -3.8793669998473366], [-38.52977507686313, -3.8783198899939477], [-38.527906999999914, -3.8727429998473584], [-38.52645252554526, -3.870693036431155], [-38.52380199999994, -3.868629999847361], [-38.52051599999999, -3.867252999847244], [-38.51895399999999, -3.864610999847208], [-38.51760146393728, -3.8649252470903863], [-38.50928589581234, -3.868319500703113], [-38.49853193412972, -3.8714180306177033], [-38.50063823740566, -3.8789637052091384], [-38.50171358304346, -3.8881268973944407]]]}}, {"type": "Feature", "properties": {"nome": "Pirambu", "key": "PIRAMBU", "regional": 1, "distrito": 1, "cor": "#113D56"}, "geometry": {"type": "Polygon", "coordinates": [[[-38.55724611489367, -3.7059773264098506], [-38.55591140606681, -3.7066156560619556], [-38.55474242279622, -3.704856238104629], [-38.55537747582467, -3.7063109935369214], [-38.55503436496345, -3.706694853134062], [-38.55253169642766, -3.708536671587172], [-38.55131715629405, -3.7072914096765137], [-38.5519478620771, -3.7087637186883633], [-38.54926888031934, -3.710563098129646], [-38.548694690526645, -3.7104137147683733], [-38.547649974615155, -3.708774546767558], [-38.54842058045513, -3.7107486639304366], [-38.54689427528885, -3.711834285606102], [-38.548057616370144, -3.713906425488674], [-38.55326879260778, -3.7123789683205635], [-38.5588671611439, -3.7112424148232703], [-38.55724611489367, -3.7059773264098506]]]}}, {"type": "Feature", "properties": {"nome": "Praia de Iracema", "key": "PRAIA DE IRACEMA", "regional": 2, "distrito": 2, "cor": "#22542D"}, "geometry": {"type": "Polygon", "coordinates": [[[-38.51986748884542, -3.71770612138229], [-38.517001838727296, -3.7183542639560754], [-38.51639399119568, -3.715832031970681], [-38.51685890510321, -3.7183901006595805], [-38.514308846427966, -3.71876096448158], [-38.51178012021087, -3.7185894605771748], [-38.51119112590394, -3.7135056579902272], [-38.51093776483801, -3.713532864399149], [-38.511504857598844, -3.7187113805579424], [-38.5111507642046, -3.7193495845353977], [-38.51261309283046, -3.7240105745054612], [-38.519520941189164, -3.7235622815226788], [-38.5193409441393, -3.7207597391131464], [-38.51985461845411, -3.7208349654678483], [-38.51986748884542, -3.71770612138229]]]}}, {"type": "Feature", "properties": {"nome": "Papicu", "key": "PAPICU", "regional": 2, "distrito": 2, "cor": "#22542D"}, "geometry": {"type": "Polygon", "coordinates": [[[-38.463694299241766, -3.7474720434994007], [-38.47517677732174, -3.7437759947941194], [-38.48724966264745, -3.739867924300418], [-38.48271020378296, -3.732507610860762], [-38.470462333775636, -3.7361170385244784], [-38.46993783998718, -3.736025302878614], [-38.46969158041066, -3.7354682564003068], [-38.46759843707102, -3.7395192778883897], [-38.466433955322984, -3.740159894555178], [-38.46520930151274, -3.742491657235682], [-38.46530836951311, -3.743835905054953], [-38.463694299241766, -3.7474720434994007]]]}}, {"type": "Feature", "properties": {"nome": "Parque Araxá", "key": "PARQUE ARAXA", "regional": 3, "distrito": 3, "cor": "#7B3517"}, "geometry": {"type": "Polygon", "coordinates": [[[-38.543768210307135, -3.7372700405370622], [-38.552069844507244, -3.7389855842951865], [-38.55277123317283, -3.73562718817532], [-38.54844190686981, -3.7347417817416777], [-38.54889043450498, -3.732541862037879], [-38.54479685949036, -3.73158145875803], [-38.543768210307135, -3.7372700405370622]]]}}, {"type": "Feature", "properties": {"nome": "Parquelândia", "key": "PARQUELANDIA", "regional": 3, "distrito": 3, "cor": "#7B3517"}, "geometry": {"type": "Polygon", "coordinates": [[[-38.5692234635857, -3.736730320878991], [-38.54889043450498, -3.732541862037879], [-38.54844190686981, -3.7347417817416777], [-38.55277123317283, -3.73562718817532], [-38.552069844507244, -3.7389855842951865], [-38.56664060253427, -3.741965848908405], [-38.56918292289594, -3.7387023324054582], [-38.5692234635857, -3.736730320878991]]]}}, {"type": "Feature", "properties": {"nome": "Presidente Kennedy", "key": "PRESIDENTE KENNEDY", "regional": 3, "distrito": 3, "cor": "#7B3517"}, "geometry": {"type": "Polygon", "coordinates": [[[-38.57721842650066, -3.728344392847714], [-38.57147810527461, -3.7257204747133517], [-38.56882430276032, -3.7216344341379792], [-38.567005375315176, -3.7208725592417347], [-38.56520930051663, -3.726452073119046], [-38.56415379929226, -3.7356791245017678], [-38.56976690379985, -3.736821473476311], [-38.5765587985657, -3.737601354889167], [-38.57662339294845, -3.737164238047062], [-38.5753338956225, -3.734599799391972], [-38.576871088391684, -3.730536172392841], [-38.57721842650066, -3.728344392847714]]]}}, {"type": "Feature", "properties": {"nome": "Cambeba", "key": "CAMBEBA", "regional": 6, "distrito": 6, "cor": "#4E2E3E"}, "geometry": {"type": "Polygon", "coordinates": [[[-38.488099522519974, -3.7962012139182315], [-38.47988127263862, -3.795715355836698], [-38.47864510883815, -3.8107751228804276], [-38.479339977573005, -3.8126960497404023], [-38.48277269983306, -3.816808192368902], [-38.48303276573648, -3.817867614272464], [-38.48468580777356, -3.8175147540536845], [-38.484534852185256, -3.8166116213785513], [-38.49198582933027, -3.8149244986872843], [-38.49193677139439, -3.813123763515893], [-38.493217623838746, -3.8101214437112803], [-38.48943326793722, -3.808085164770114], [-38.48828146799777, -3.8045379472082588], [-38.488381528884105, -3.8042166278394487], [-38.49439156696122, -3.80226386268249], [-38.49378444686985, -3.800394405610392], [-38.48996435928625, -3.801620159871716], [-38.48871221505119, -3.801282711118828], [-38.488099522519974, -3.7962012139182315]]]}}, {"type": "Feature", "properties": {"nome": "Dom Lustosa", "key": "DOM LUSTOSA", "regional": 3, "distrito": 3, "cor": "#7B3517"}, "geometry": {"type": "Polygon", "coordinates": [[[-38.582443170501385, -3.753579750245528], [-38.585892892934886, -3.7602020702383823], [-38.59388983724202, -3.7559547474489814], [-38.59331943685512, -3.75310124801189], [-38.59140437759325, -3.7495067858737543], [-38.59150878192556, -3.7484204974972553], [-38.58881894184924, -3.7486347705922505], [-38.586308814480155, -3.746574536658369], [-38.585163596089316, -3.744466220732551], [-38.58487708174622, -3.7444249970258916], [-38.58450630046834, -3.749429742235893], [-38.582443170501385, -3.753579750245528]]]}}, {"type": "Feature", "properties": {"nome": "Varjota", "key": "VARJOTA", "regional": 2, "distrito": 2, "cor": "#22542D"}, "geometry": {"type": "Polygon", "coordinates": [[[-38.488450085534474, -3.73948784657238], [-38.48888066150482, -3.7293949752751288], [-38.48838550156856, -3.729378952494034], [-38.48839468829021, -3.7291181364538897], [-38.487487362536186, -3.729322451248471], [-38.48176077872865, -3.7310147940013834], [-38.48724966264745, -3.739867924300418], [-38.488450085534474, -3.73948784657238]]]}}, {"type": "Feature", "properties": {"nome": "Cajazeiras", "key": "CAJAZEIRAS", "regional": 6, "distrito": 6, "cor": "#4E2E3E"}, "geometry": {"type": "Polygon", "coordinates": [[[-38.512620262602326, -3.783650874493686], [-38.50085997050049, -3.808675013476411], [-38.497997068391385, -3.815966285471569], [-38.50009147688466, -3.817163647097677], [-38.501636299029016, -3.8161286243947803], [-38.50176461643599, -3.8166426189329106], [-38.50745933490866, -3.815094078542384], [-38.506834609074616, -3.8139158029859956], [-38.510162823142906, -3.8125532990218525], [-38.51137565076399, -3.8116415807804302], [-38.51272110306702, -3.811701305735147], [-38.515115740947614, -3.8111386196939123], [-38.51474112077229, -3.8100036810018287], [-38.51519885311689, -3.8094239354417336], [-38.514898184544144, -3.8077828397173086], [-38.51520639748018, -3.8071695598656166], [-38.51467146940125, -3.806476282182001], [-38.51530957201107, -3.8058089117021265], [-38.515418777920274, -3.804897628160106], [-38.51468026756276, -3.804227587465605], [-38.51516758905682, -3.80353614895858], [-38.51501624292681, -3.8011535650597716], [-38.51540718348358, -3.80090764639425], [-38.51543384298042, -3.800422325894044], [-38.5142697207154, -3.7990868393532624], [-38.51436645558068, -3.7980045138047123], [-38.513812685427496, -3.797308701123726], [-38.513098991981465, -3.7972136291354692], [-38.51305039988194, -3.796472660514768], [-38.51319015828441, -3.7959791994730043], [-38.51412656845997, -3.7955366780059894], [-38.51451775667298, -3.794842660453983], [-38.514696981654524, -3.7934290402061954], [-38.51447741292388, -3.792829347328878], [-38.513817766166795, -3.792716635306496], [-38.51381797845975, -3.792336697890928], [-38.514156191841806, -3.791994818474347], [-38.51516380912536, -3.79229453904651], [-38.51542683123357, -3.791585301669171], [-38.51535603776945, -3.790090756375292], [-38.51494962321228, -3.7887992449856682], [-38.51443209994673, -3.7884594084464247], [-38.5136655143869, -3.788583939760856], [-38.51314565855918, -3.7879222272229836], [-38.51295393080168, -3.785850923058801], [-38.51334122431362, -3.7853727481834856], [-38.513494090833184, -3.783902311729581], [-38.512620262602326, -3.783650874493686]]]}}, {"type": "Feature", "properties": {"nome": "Jardim Cearense", "key": "JARDIM CEARENSE", "regional": 5, "distrito": 5, "cor": "#6E5929"}, "geometry": {"type": "Polygon", "coordinates": [[[-38.56221322119637, -3.7982659414147464], [-38.56177582215449, -3.799787466988724], [-38.560254506914376, -3.8020752764519914], [-38.565031989979694, -3.8055115245329754], [-38.571941948588794, -3.803342231913072], [-38.569698743646406, -3.795999018540771], [-38.56221322119637, -3.7982659414147464]]]}}, {"type": "Feature", "properties": {"nome": "Ellery", "key": "ELLERY", "regional": 1, "distrito": 1, "cor": "#113D56"}, "geometry": {"type": "Polygon", "coordinates": [[[-38.567005375315176, -3.7208725592417347], [-38.56157178587351, -3.7193737536193368], [-38.55977838405571, -3.7262469246296717], [-38.56509005502412, -3.727175560270487], [-38.567005375315176, -3.7208725592417347]]]}}, {"type": "Feature", "properties": {"nome": "Vila Velha", "key": "VILA VELHA", "regional": 1, "distrito": 1, "cor": "#113D56"}, "geometry": {"type": "Polygon", "coordinates": [[[-38.60625928729217, -3.7224803476736787], [-38.61783825892534, -3.718660470264487], [-38.61854973827183, -3.719464365398056], [-38.619222023038276, -3.7195492401654406], [-38.62034180304354, -3.7179547267634434], [-38.62047336444396, -3.716352017940835], [-38.61945980069631, -3.7149942720020905], [-38.61889475376014, -3.7121763674413595], [-38.618105034614835, -3.7114753678220107], [-38.617845260186364, -3.7103107311798955], [-38.618348537373606, -3.7096993734880415], [-38.62063741248822, -3.709950330529928], [-38.621117411180876, -3.709581581555026], [-38.62158715993529, -3.707293171587551], [-38.62246941491397, -3.705227928196758], [-38.622566617500645, -3.70355760939971], [-38.622232191752055, -3.70287617681964], [-38.62059192442064, -3.702378868634859], [-38.6169478533902, -3.7030151055191007], [-38.61173782386908, -3.7032919657602665], [-38.60626076348118, -3.7023579973542446], [-38.604199470569874, -3.702525356362873], [-38.60057764006266, -3.703487773807023], [-38.59903745049948, -3.7035211631157914], [-38.595581597705845, -3.7030197212810974], [-38.594239427459506, -3.702506278686338], [-38.591908929969, -3.700977133002712], [-38.591765176436894, -3.7025449541805475], [-38.591978361540576, -3.7027391867191675], [-38.59169240403783, -3.7029362375733363], [-38.58709755745257, -3.720653824555858], [-38.58901048218582, -3.720641093796977], [-38.5937541337, -3.719287255761743], [-38.59557143553802, -3.725512637135309], [-38.60625928729217, -3.7224803476736787]]]}}, {"type": "Feature", "properties": {"nome": "Autran Nunes", "key": "AUTRAN NUNES", "regional": 3, "distrito": 3, "cor": "#7B3517"}, "geometry": {"type": "Polygon", "coordinates": [[[-38.591428813860595, -3.7572386290041595], [-38.593003437867786, -3.7602303886451423], [-38.59366199350673, -3.7598864235146383], [-38.594700940435, -3.7618986294288645], [-38.59529168821991, -3.7617427225817957], [-38.596822296659525, -3.759624630363804], [-38.597938264933816, -3.759433972745495], [-38.597766433149644, -3.758443408775876], [-38.59851332538646, -3.7573526230642558], [-38.59927890887565, -3.754793691019629], [-38.599500900255975, -3.749243882593245], [-38.598645812695395, -3.748148098483639], [-38.59860519231751, -3.7470846644241322], [-38.59817813229531, -3.7475610475820478], [-38.59661189520606, -3.7476689587574783], [-38.59581386339891, -3.748164896781407], [-38.59519379959544, -3.7478248624867487], [-38.59150878192556, -3.7484204974972553], [-38.59140437759325, -3.7495067858737543], [-38.59331943685512, -3.75310124801189], [-38.59388983724202, -3.7559547474489814], [-38.591428813860595, -3.7572386290041595]]]}}, {"type": "Feature", "properties": {"nome": "Coaçu", "key": "COACU", "regional": 6, "distrito": 6, "cor": "#4E2E3E"}, "geometry": {"type": "Polygon", "coordinates": [[[-38.479841426140254, -3.8386418318257793], [-38.46720524849762, -3.8459528849702243], [-38.467849908999874, -3.84970119997357], [-38.46890303899987, -3.850885191973629], [-38.46962207799985, -3.850183188973573], [-38.47105998999989, -3.8506961349736737], [-38.4714559599999, -3.8515031139736995], [-38.471455903999974, -3.8522988929736575], [-38.47105991199991, -3.8527390119737484], [-38.47130989599997, -3.853629175973723], [-38.47266131801948, -3.8539970889797925], [-38.473760953231626, -3.8547543114477762], [-38.47744620568826, -3.847435484082194], [-38.47948124732964, -3.84561640506151], [-38.4815057990411, -3.844503463992021], [-38.48710790925684, -3.8387228862549514], [-38.48648817371761, -3.8355172637687462], [-38.480275386257574, -3.8388001422010585], [-38.479841426140254, -3.8386418318257793]]]}}, {"type": "Feature", "properties": {"nome": "Henrique Jorge", "key": "HENRIQUE JORGE", "regional": 3, "distrito": 3, "cor": "#7B3517"}, "geometry": {"type": "Polygon", "coordinates": [[[-38.57910957459876, -3.7702452305664895], [-38.58926207324304, -3.7647716631547645], [-38.59079914918793, -3.767934563730258], [-38.59500344736235, -3.76545832260583], [-38.59469628184363, -3.763662793878681], [-38.59529168821991, -3.7617427225817957], [-38.594700940435, -3.7618986294288645], [-38.59366199350673, -3.7598864235146383], [-38.593003437867786, -3.7602303886451423], [-38.591428813860595, -3.7572386290041595], [-38.585892892934886, -3.7602020702383823], [-38.58231571429135, -3.7534202425391143], [-38.57882913387126, -3.7559892763112295], [-38.57858653337746, -3.7641840330645104], [-38.577617625159505, -3.7673646275848105], [-38.57910957459876, -3.7702452305664895]]]}}, {"type": "Feature", "properties": {"nome": "João XXIII", "key": "JOAO XXIII", "regional": 3, "distrito": 3, "cor": "#7B3517"}, "geometry": {"type": "Polygon", "coordinates": [[[-38.59465054103957, -3.7656982829016856], [-38.59079914918793, -3.767934563730258], [-38.58926207324304, -3.7647716631547645], [-38.57910957459876, -3.7702452305664895], [-38.58171092727205, -3.7753172436183835], [-38.584737693418006, -3.773117001818363], [-38.586676751283846, -3.7739116462332594], [-38.58864076509628, -3.7740654133876697], [-38.59094750222983, -3.772517410684354], [-38.59265430181259, -3.7740369558838585], [-38.59556198588425, -3.7717751153051853], [-38.59443082222255, -3.771117925432412], [-38.59409640644281, -3.77035733300598], [-38.593923753637, -3.7680013917239705], [-38.59465054103957, -3.7656982829016856]]]}}, {"type": "Feature", "properties": {"nome": "José de Alencar", "key": "JOSE DE ALENCAR", "regional": 6, "distrito": 6, "cor": "#4E2E3E"}, "geometry": {"type": "Polygon", "coordinates": [[[-38.46160374002332, -3.8077937972939457], [-38.462760876615235, -3.8113590401941244], [-38.46412107284232, -3.8130052784949053], [-38.47357507400175, -3.8178020132697634], [-38.47440979906943, -3.818546087308684], [-38.478686540270694, -3.820032970817956], [-38.47995253438228, -3.8203213930734483], [-38.480802265432985, -3.82002945560526], [-38.481313143555795, -3.8203701827861223], [-38.482798094813724, -3.818713223369131], [-38.483033416952225, -3.8177013344997475], [-38.48277269983306, -3.816808192368902], [-38.479339977573005, -3.8126960497404023], [-38.478735121205716, -3.8112862620817114], [-38.47935855687533, -3.8019752534090245], [-38.465887784196816, -3.800827154311926], [-38.465313551497545, -3.8052080757686055], [-38.46160374002332, -3.8077937972939457]]]}}, {"type": "Feature", "properties": {"nome": "Cidade dos Funcionários", "key": "CIDADE DOS FUNCIONARIOS", "regional": 6, "distrito": 6, "cor": "#4E2E3E"}, "geometry": {"type": "Polygon", "coordinates": [[[-38.49378444686985, -3.800394405610392], [-38.49366080901848, -3.79997732452621], [-38.49405721742733, -3.7997995623628698], [-38.494449100720196, -3.7989466712223527], [-38.49927581545368, -3.8009944682981014], [-38.5040937326346, -3.8018617380213326], [-38.51105458396784, -3.78699238873873], [-38.50615135647325, -3.7866135656855096], [-38.494899998083405, -3.7895497126702065], [-38.495116475659195, -3.7864804478223286], [-38.49303543331331, -3.787043423706375], [-38.490890953843, -3.78673654324213], [-38.491032707126564, -3.788698863120592], [-38.49173033661992, -3.7886126298885774], [-38.492123527820944, -3.790032511846387], [-38.49239373246307, -3.7926617486805285], [-38.49169275017605, -3.792747559433607], [-38.49202136494157, -3.7957487580013733], [-38.488099522519974, -3.7962012139182315], [-38.4886639299392, -3.8011194753076514], [-38.48996435928625, -3.801620159871716], [-38.49378444686985, -3.800394405610392]]]}}, {"type": "Feature", "properties": {"nome": "Padre Andrade", "key": "PADRE ANDRADE", "regional": 3, "distrito": 3, "cor": "#7B3517"}, "geometry": {"type": "Polygon", "coordinates": [[[-38.58458370749392, -3.7316161604915417], [-38.57721842650066, -3.728344392847714], [-38.576871088391684, -3.730536172392841], [-38.5753338956225, -3.734599799391972], [-38.57662339294845, -3.737164238047062], [-38.5765587985657, -3.737601354889167], [-38.5732968930585, -3.7373727668081482], [-38.57423292740553, -3.738190969576968], [-38.57706161020925, -3.7391011492997994], [-38.57890448761409, -3.741325831781528], [-38.58372556647223, -3.7429962865393], [-38.58487708174622, -3.7444249970258916], [-38.58541093932185, -3.737755265110746], [-38.584096848368326, -3.7359334128591475], [-38.58458370749392, -3.7316161604915417]]]}}, {"type": "Feature", "properties": {"nome": "Quintino Cunha", "key": "QUINTINO CUNHA", "regional": 3, "distrito": 3, "cor": "#7B3517"}, "geometry": {"type": "Polygon", "coordinates": [[[-38.60120438914073, -3.741149011763877], [-38.60165902375012, -3.739497837596466], [-38.60167862908853, -3.737505612406723], [-38.60230596445153, -3.7368889359716633], [-38.601551997452, -3.7358566318943116], [-38.60114355586726, -3.7344497676550823], [-38.60364486073582, -3.7322369686492185], [-38.60599819461043, -3.7270693575997744], [-38.60867682145806, -3.725580328629619], [-38.6094324252354, -3.724021642354321], [-38.61018522305484, -3.7242259969388494], [-38.61045123713435, -3.7235481083729782], [-38.61131947561192, -3.72352769012851], [-38.61350336690763, -3.7224050931164534], [-38.61478021095496, -3.722772930612898], [-38.61513249371501, -3.721649660317588], [-38.616197316755596, -3.720787244838742], [-38.616943311560085, -3.7209329008509013], [-38.61709870060235, -3.7219021857620684], [-38.61751230913147, -3.7220930549572593], [-38.61804143595817, -3.7206352421933793], [-38.61786432756241, -3.7202536233666654], [-38.61706051135086, -3.7201265779590633], [-38.616723166110475, -3.7197597058326943], [-38.617271594074985, -3.718807017662244], [-38.60625928729217, -3.7224803476736787], [-38.59616668182891, -3.725342423149671], [-38.59200199789152, -3.734829349735721], [-38.59857718603573, -3.7378765231577282], [-38.5991347647289, -3.7388285540170467], [-38.5988622479204, -3.7408053670737655], [-38.60120438914073, -3.741149011763877]]]}}, {"type": "Feature", "properties": {"nome": "Ancuri", "key": "ANCURI", "regional": 6, "distrito": 6, "cor": "#4E2E3E"}, "geometry": {"type": "Polygon", "coordinates": [[[-38.49683192538638, -3.860399462092333], [-38.497603787321005, -3.8643157253695875], [-38.4977332961494, -3.8685586624815724], [-38.49853193412972, -3.8714180306177033], [-38.50928589581234, -3.868319500703113], [-38.516793135816386, -3.865190393520371], [-38.51895399999999, -3.864610999847208], [-38.516904755143, -3.8620145708413474], [-38.51453459560924, -3.8607025276476103], [-38.5126893961673, -3.8602674124920386], [-38.51038854089443, -3.8605713923544926], [-38.50865364031487, -3.860099648356341], [-38.50739640924121, -3.858726697251424], [-38.50667751049324, -3.8561194327827444], [-38.502429064746366, -3.8598943671765813], [-38.501986782382566, -3.8594669634325993], [-38.49683192538638, -3.860399462092333]]]}}, {"type": "Feature", "properties": {"nome": "Barroso", "key": "BARROSO", "regional": 6, "distrito": 6, "cor": "#4E2E3E"}, "geometry": {"type": "Polygon", "coordinates": [[[-38.52833355082533, -3.8291055946253483], [-38.527192409644755, -3.828338605575328], [-38.52626845382783, -3.827210586931901], [-38.524068369092, -3.8261064719131848], [-38.523534871896565, -3.8253502436774482], [-38.52271579329495, -3.8248275696496026], [-38.52141296068567, -3.8245683954764838], [-38.52051621340581, -3.8219867470219264], [-38.51943596516555, -3.8214488954039245], [-38.51902268068106, -3.820619837621559], [-38.51910050053065, -3.8196552059212308], [-38.51943247660198, -3.8192492629834884], [-38.519250043458264, -3.8185187904893305], [-38.519623063520044, -3.8180281418204696], [-38.51887656202765, -3.815604200595217], [-38.51807276254812, -3.8145330445552132], [-38.51687182724107, -3.814106359004096], [-38.5164256749364, -3.813074690810202], [-38.515511731133266, -3.812633491775933], [-38.515115740947614, -3.8111386196939123], [-38.51272110306702, -3.811701305735147], [-38.51137565076399, -3.8116415807804302], [-38.510162823142906, -3.8125532990218525], [-38.506834609074616, -3.8139158029859956], [-38.50745933490866, -3.815094078542384], [-38.50176461643599, -3.8166426189329106], [-38.504839840956514, -3.828739368930556], [-38.50473482982482, -3.831123915754393], [-38.51502519779298, -3.8279140667465357], [-38.526881544737265, -3.829405485962901], [-38.52833355082533, -3.8291055946253483]]]}}, {"type": "Feature", "properties": {"nome": "Curió", "key": "CURIO", "regional": 6, "distrito": 6, "cor": "#4E2E3E"}, "geometry": {"type": "Polygon", "coordinates": [[[-38.48217047746881, -3.82820478041501], [-38.48134202102528, -3.824768702855036], [-38.481313143555795, -3.8203701827861223], [-38.480802265432985, -3.82002945560526], [-38.47995253438228, -3.8203213930734483], [-38.478686540270694, -3.820032970817956], [-38.47440979906943, -3.818546087308684], [-38.47287234807659, -3.817450907614737], [-38.47443914274054, -3.826295621802909], [-38.479254765778954, -3.8255771655959796], [-38.4808696643886, -3.827400958484084], [-38.48217047746881, -3.82820478041501]]]}}, {"type": "Feature", "properties": {"nome": "Aracapé", "key": "ARACAPE", "regional": 5, "distrito": 5, "cor": "#6E5929"}, "geometry": {"type": "Polygon", "coordinates": [[[-38.58713492324229, -3.8195249019553468], [-38.582377142122546, -3.8253841172896905], [-38.57963618760684, -3.826972820546883], [-38.58346382208496, -3.8389841919736023], [-38.583897795979965, -3.838944282085271], [-38.58423342280093, -3.839389269901815], [-38.587070872325775, -3.8386652648713833], [-38.58759956663313, -3.8389112607709497], [-38.59412703256836, -3.8341635799580467], [-38.59641885219563, -3.833435261064904], [-38.58713492324229, -3.8195249019553468]]]}}, {"type": "Feature", "properties": {"nome": "Guararapes", "key": "GUARARAPES", "regional": 2, "distrito": 2, "cor": "#22542D"}, "geometry": {"type": "Polygon", "coordinates": [[[-38.48234172115345, -3.7664882473434633], [-38.48348174717947, -3.766863109018763], [-38.4873912482889, -3.767215107955266], [-38.4872477799379, -3.769002482689586], [-38.48763326956391, -3.770036490371329], [-38.49143747775805, -3.7685569295577004], [-38.496065733693555, -3.7657438806084444], [-38.49229604293644, -3.7597637275628055], [-38.491246265477336, -3.756805597736603], [-38.48433029443536, -3.7586715903448935], [-38.48344306872774, -3.759191683874523], [-38.4828549553359, -3.7610028148500607], [-38.48234172115345, -3.7664882473434633]]]}}, {"type": "Feature", "properties": {"nome": "Parque Manibura", "key": "PARQUE MANIBURA", "regional": 6, "distrito": 6, "cor": "#4E2E3E"}, "geometry": {"type": "Polygon", "coordinates": [[[-38.490890953843, -3.78673654324213], [-38.48573153524935, -3.787368728621904], [-38.48067771843464, -3.7869236167094495], [-38.47988127263862, -3.795715355836698], [-38.48689571346501, -3.79630262863692], [-38.49202136494157, -3.7957487580013733], [-38.49169275017605, -3.792747559433607], [-38.49239373246307, -3.7926617486805285], [-38.492123527820944, -3.790032511846387], [-38.49173033661992, -3.7886126298885774], [-38.491032707126564, -3.788698863120592], [-38.490890953843, -3.78673654324213]]]}}, {"type": "Feature", "properties": {"nome": "Paupina", "key": "PAUPINA", "regional": 6, "distrito": 6, "cor": "#4E2E3E"}, "geometry": {"type": "Polygon", "coordinates": [[[-38.48710790925684, -3.8387228862549514], [-38.48152905613638, -3.8444818581783027], [-38.48044284154965, -3.845067449483758], [-38.48218720527651, -3.8463895192497777], [-38.48278001395881, -3.8493242686845623], [-38.48306038849614, -3.853018460236664], [-38.48269216583625, -3.8551375623136708], [-38.49194106129925, -3.8566757639095393], [-38.49101883138836, -3.860471968518326], [-38.49154646401447, -3.8635415519240754], [-38.485574824072124, -3.8646184763982157], [-38.48662195975907, -3.8658270329475943], [-38.48837538445808, -3.8668181194184545], [-38.48948875566654, -3.87121332264119], [-38.49188093399993, -3.874461171974672], [-38.49166561299988, -3.875267033974646], [-38.49198789899991, -3.875346196974693], [-38.49203794199997, -3.8761941729746536], [-38.4923957229999, -3.8763531559748565], [-38.49223198899995, -3.877000209974618], [-38.492674664999974, -3.877913006974855], [-38.49242485899999, -3.8797330729749206], [-38.493132696999965, -3.8805601579750033], [-38.49356967199997, -3.8824941079750195], [-38.49394877099995, -3.882703123975042], [-38.49389879699992, -3.8839541739751073], [-38.49467881399981, -3.8842133269751824], [-38.49550879899992, -3.885386371975179], [-38.49595985999991, -3.885436349975182], [-38.49608179499989, -3.886285222975304], [-38.49743400699986, -3.886658293975149], [-38.49778509899993, -3.8872842569752826], [-38.50171358304346, -3.8881268973944407], [-38.50063823740566, -3.8789637052091384], [-38.4977332961494, -3.8685586624815724], [-38.49753321044574, -3.863718041763227], [-38.49625683683762, -3.857731951664789], [-38.49459154607382, -3.8471609534920215], [-38.49419030206032, -3.839010079449401], [-38.493500861666796, -3.839084757626852], [-38.49348681823184, -3.839432006062219], [-38.48879584416264, -3.836257897388787], [-38.48710790925684, -3.8387228862549514]]]}}, {"type": "Feature", "properties": {"nome": "Jardim das Oliveiras", "key": "JARDIM DAS OLIVEIRAS", "regional": 6, "distrito": 6, "cor": "#4E2E3E"}, "geometry": {"type": "Polygon", "coordinates": [[[-38.509466123236486, -3.7713527010571872], [-38.505925116206086, -3.7723528667395305], [-38.502209475571505, -3.7755454376332285], [-38.499729139888025, -3.7763626247660986], [-38.49887366879878, -3.7793686878396997], [-38.49645402690118, -3.780634126552691], [-38.49512243628363, -3.7821368944976896], [-38.49487251035245, -3.7830115305172956], [-38.493965324655754, -3.7832815153643233], [-38.49491606161322, -3.7865309191583516], [-38.495116475659195, -3.7864804478223286], [-38.494899998083405, -3.7895497126702065], [-38.50615135647325, -3.7866135656855096], [-38.51105458396784, -3.78699238873873], [-38.512620262602326, -3.783650874493686], [-38.51130207063939, -3.782098412102289], [-38.510321448520024, -3.778779952620121], [-38.509466123236486, -3.7713527010571872]]]}}, {"type": "Feature", "properties": {"nome": "Jangurussu", "key": "JANGURUSSU", "regional": 6, "distrito": 6, "cor": "#4E2E3E"}, "geometry": {"type": "Polygon", "coordinates": [[[-38.53031451610116, -3.833257994028659], [-38.531232379606834, -3.831710072834561], [-38.531073654080245, -3.830682323337468], [-38.52962221905342, -3.829752321455863], [-38.528446661918984, -3.8294243345900014], [-38.52833355082533, -3.8291055946253483], [-38.526881544737265, -3.829405485962901], [-38.517387151411484, -3.828070137945737], [-38.51446971025349, -3.8279715800723575], [-38.51061618430881, -3.8294936836585807], [-38.50473482982482, -3.831123915754393], [-38.49939866108726, -3.842465451268488], [-38.50181225279453, -3.8449534238210537], [-38.50386088590343, -3.8488296420536603], [-38.50712896457821, -3.857102265559456], [-38.50736299228756, -3.8586533096766615], [-38.50800596248189, -3.8595759918906736], [-38.508854097817824, -3.8602086334680403], [-38.51032115617488, -3.860562359890606], [-38.5130616763917, -3.860291293690926], [-38.515325639556785, -3.8610532547325396], [-38.516975405742166, -3.862082299268846], [-38.51895399999999, -3.864610999847208], [-38.52322614290443, -3.8637444032913693], [-38.5232919882456, -3.8582035506412033], [-38.524024666482156, -3.85318674894927], [-38.52242348014091, -3.8543979388992984], [-38.52172522290252, -3.8520318907092763], [-38.521005352140236, -3.85229655752544], [-38.520097382380605, -3.8501588970884226], [-38.521107980394326, -3.8497443447292823], [-38.52028583051257, -3.8465028664846037], [-38.519560073773114, -3.846479767760491], [-38.518829278527456, -3.844671785092843], [-38.51855932248254, -3.8449268674336867], [-38.51756523276957, -3.843647802621598], [-38.51877443000246, -3.842689733187758], [-38.519573651785876, -3.8436381383578113], [-38.52168847954567, -3.84182356609532], [-38.52165903641753, -3.8387601285505566], [-38.523177080939426, -3.8396217246112165], [-38.523854944389484, -3.839572448449842], [-38.53031451610116, -3.833257994028659]]]}}, {"type": "Feature", "properties": {"nome": "Lagoa Redonda", "key": "LAGOA REDONDA", "regional": 6, "distrito": 6, "cor": "#4E2E3E"}, "geometry": {"type": "Polygon", "coordinates": [[[-38.45145002730208, -3.805889226069584], [-38.44599553278466, -3.8052123309844266], [-38.44508457718397, -3.8070179773282367], [-38.44316676100218, -3.8092789379746868], [-38.44221890599779, -3.811672959970688], [-38.44260375600218, -3.8157910949762774], [-38.44518967199828, -3.819266159967976], [-38.44574078299775, -3.8264200619757336], [-38.44988764899891, -3.837871279975902], [-38.451476760000396, -3.839701163975776], [-38.45329593000103, -3.840370181972485], [-38.45590809100169, -3.8407312139751992], [-38.45718395399859, -3.841475285970246], [-38.45881003900218, -3.843067130974934], [-38.46089412300108, -3.8428781989710297], [-38.463624115998826, -3.843611228971602], [-38.46364506200058, -3.8421871359703195], [-38.464458011998346, -3.842166276974021], [-38.46516688200171, -3.8431512189714883], [-38.466333951999346, -3.84350717697129], [-38.46714683799818, -3.844743159970003], [-38.46720524849762, -3.8459528849702243], [-38.47927643024691, -3.8391808785894628], [-38.478253593465645, -3.8374670410722747], [-38.47408814266801, -3.8328498840239167], [-38.475445583650604, -3.8317870589453054], [-38.47287234807659, -3.817450907614737], [-38.46392416994642, -3.8128368351642545], [-38.46269868589218, -3.8112276432192362], [-38.46160374002332, -3.8077937972939457], [-38.45145002730208, -3.805889226069584]]]}}, {"type": "Feature", "properties": {"nome": "Itaoca", "key": "ITAOCA", "regional": 4, "distrito": 4, "cor": "#194C4C"}, "geometry": {"type": "Polygon", "coordinates": [[[-38.55959567914578, -3.767554808719575], [-38.55038344764444, -3.7709183504677175], [-38.552653620449, -3.777595971033921], [-38.55575606857217, -3.776543525195967], [-38.55455753500353, -3.7756146760114757], [-38.55434654438381, -3.7749298710302153], [-38.5552007286814, -3.774649359557353], [-38.56105704509498, -3.7743449372029776], [-38.56236913329006, -3.7746064043672893], [-38.56120587511127, -3.7733275411900586], [-38.55964289763774, -3.76856866045708], [-38.55959567914578, -3.767554808719575]]]}}, {"type": "Feature", "properties": {"nome": "Messejana", "key": "MESSEJANA", "regional": 6, "distrito": 6, "cor": "#4E2E3E"}, "geometry": {"type": "Polygon", "coordinates": [[[-38.49275114760569, -3.811163433597358], [-38.49193677139439, -3.813123763515893], [-38.49198582933027, -3.8149244986872843], [-38.484534852185256, -3.8166116213785513], [-38.48468580777356, -3.8175147540536845], [-38.48303276573648, -3.817867614272464], [-38.482798094813724, -3.818713223369131], [-38.481313143555795, -3.8203701827861223], [-38.48128645625168, -3.824190300826097], [-38.48217047746881, -3.82820478041501], [-38.482480900311025, -3.833838603321606], [-38.48378043703369, -3.8336700711175076], [-38.485131360406164, -3.8362294843249765], [-38.48648817371761, -3.8355172637687462], [-38.48710790925684, -3.8387228862549514], [-38.48879584416264, -3.836257897388787], [-38.49348681823184, -3.839432006062219], [-38.493500861666796, -3.839084757626852], [-38.49423234703757, -3.839013162950807], [-38.49532632742033, -3.8397902599608718], [-38.49712154080511, -3.8403400645402166], [-38.49939866108726, -3.842465451268488], [-38.50458577005771, -3.8316199108776625], [-38.504839840956514, -3.828739368930556], [-38.501636299029016, -3.8161286243947803], [-38.50009147688466, -3.817163647097677], [-38.497997068391385, -3.815966285471569], [-38.49890866658936, -3.813901708790474], [-38.49275114760569, -3.811163433597358]]]}}, {"type": "Feature", "properties": {"nome": "Parque Iracema", "key": "PARQUE IRACEMA", "regional": 6, "distrito": 6, "cor": "#4E2E3E"}, "geometry": {"type": "Polygon", "coordinates": [[[-38.5040937326346, -3.8018617380213326], [-38.49927581545368, -3.8009944682981014], [-38.494449100720196, -3.7989466712223527], [-38.49405721742733, -3.7997995623628698], [-38.49366080901848, -3.79997732452621], [-38.49439156696122, -3.80226386268249], [-38.488381528884105, -3.8042166278394487], [-38.48828146799777, -3.8045379472082588], [-38.48943326793722, -3.808085164770114], [-38.493217623838746, -3.8101214437112803], [-38.49275114760569, -3.811163433597358], [-38.49890866658936, -3.813901708790474], [-38.50085997050049, -3.808675013476411], [-38.5040937326346, -3.8018617380213326]]]}}, {"type": "Feature", "properties": {"nome": "Sabiaguaba", "key": "SABIAGUABA", "regional": 6, "distrito": 6, "cor": "#4E2E3E"}, "geometry": {"type": "Polygon", "coordinates": [[[-38.44599553278466, -3.8052123309844266], [-38.45145002730208, -3.805889226069584], [-38.451712515498194, -3.8009982318598676], [-38.45212903246884, -3.800191248252375], [-38.450006513551365, -3.796134678418867], [-38.448131198733876, -3.794068063698615], [-38.44635699584602, -3.7936245906223083], [-38.439777540999955, -3.78472022921644], [-38.43356745632348, -3.7795182045975206], [-38.43283041660184, -3.779409583417528], [-38.430250477145194, -3.777877823313694], [-38.420943768315496, -3.794007274223667], [-38.41864151710881, -3.7969319031713016], [-38.41805152096229, -3.798299967492021], [-38.41526086079232, -3.8024149518523935], [-38.408997671622075, -3.8109433062184466], [-38.40861462806987, -3.812019301256056], [-38.40570657519822, -3.8165833155747495], [-38.402214006411135, -3.820860133941561], [-38.40168906014389, -3.8218651002562125], [-38.40190514473958, -3.824297301487549], [-38.401393913419575, -3.825520748716377], [-38.401357059697546, -3.826585129167469], [-38.401804478414846, -3.826861359391675], [-38.40296565817693, -3.8264650316746764], [-38.40593114129235, -3.82398574269823], [-38.405869869266006, -3.821542521030328], [-38.408414633203094, -3.8196109624734915], [-38.44292920699988, -3.801549906971454], [-38.44348673273271, -3.8027728670827807], [-38.444379030609916, -3.803391526944258], [-38.444486106355136, -3.804224338296343], [-38.4453308150122, -3.804367105956639], [-38.44599553278466, -3.8052123309844266]]]}}, {"type": "Feature", "properties": {"nome": "Bom Jardim", "key": "BOM JARDIM", "regional": 5, "distrito": 5, "cor": "#6E5929"}, "geometry": {"type": "Polygon", "coordinates": [[[-38.61173815843881, -3.798067256767906], [-38.60789860176828, -3.7861615012373626], [-38.59187163937848, -3.7911019961459154], [-38.59157798487409, -3.7922790764256646], [-38.591961973461814, -3.793412929360168], [-38.59150612971279, -3.793975694282948], [-38.602328176709094, -3.805161448514651], [-38.60571234223824, -3.803350207742427], [-38.60387988156358, -3.7999281528838904], [-38.60266934334109, -3.796738236889446], [-38.61173815843881, -3.798067256767906]]]}}, {"type": "Feature", "properties": {"nome": "Salinas", "key": "SALINAS", "regional": 2, "distrito": 2, "cor": "#22542D"}, "geometry": {"type": "Polygon", "coordinates": [[[-38.496065733693555, -3.7657438806084444], [-38.497739780439176, -3.769490888729756], [-38.49894015899875, -3.7734389107262496], [-38.50102211064079, -3.7727684376154174], [-38.50192695833429, -3.775650199643923], [-38.505925116206086, -3.7723528667395305], [-38.509466123236486, -3.7713527010571872], [-38.50890496163242, -3.768548571235175], [-38.506849607670915, -3.7633734814100723], [-38.50610753559721, -3.7624175594430906], [-38.50438218255419, -3.762173676541802], [-38.50322107165295, -3.761550699271377], [-38.50200217563191, -3.7577234211660517], [-38.500811332024206, -3.756272177554712], [-38.49607946790574, -3.75475001971605], [-38.49278861911947, -3.752287199090661], [-38.49065855172037, -3.752309071691655], [-38.49139624629161, -3.7559267638082665], [-38.491246265477336, -3.756805597736603], [-38.491774747933306, -3.758591189458527], [-38.494109473022164, -3.7629138762350594], [-38.496065733693555, -3.7657438806084444]]]}}, {"type": "Feature", "properties": {"nome": "Canindezinho", "key": "CANINDEZINHO", "regional": 5, "distrito": 5, "cor": "#6E5929"}, "geometry": {"type": "Polygon", "coordinates": [[[-38.59150612971279, -3.793975694282948], [-38.59095266801379, -3.794283679602756], [-38.59169215471463, -3.7955088209967234], [-38.59154709370751, -3.7984780708978314], [-38.5919215131018, -3.7992967281364898], [-38.59200505709529, -3.800887131802791], [-38.58961902921919, -3.8023432312787815], [-38.596261626110135, -3.8100260816975733], [-38.59880471128139, -3.8145973433494134], [-38.60349458842565, -3.820529817589238], [-38.60735256384002, -3.8277683040324515], [-38.6146953160126, -3.8239349491684798], [-38.61463942730633, -3.823277945794395], [-38.61414946419919, -3.8228570183575528], [-38.61778103512545, -3.8209926517687745], [-38.59150612971279, -3.793975694282948]]]}}, {"type": "Feature", "properties": {"nome": "Granja Lisboa", "key": "GRANJA LISBOA", "regional": 5, "distrito": 5, "cor": "#6E5929"}, "geometry": {"type": "Polygon", "coordinates": [[[-38.635460311714134, -3.7936271797951115], [-38.634875655362535, -3.7933730470390716], [-38.63523613294431, -3.7918486874241775], [-38.63342927371046, -3.7905808534320045], [-38.63154429777437, -3.7836874160409804], [-38.628028308083806, -3.784677680505034], [-38.62745186228559, -3.7826297675047793], [-38.626009005126, -3.7830243079674015], [-38.62544765610707, -3.7809585531456484], [-38.62251637153778, -3.781787501622358], [-38.6211930921798, -3.7770589167449407], [-38.60594596557185, -3.775196589748599], [-38.6081245114022, -3.7829948690679642], [-38.60855406341165, -3.7832488089638185], [-38.60936724300044, -3.7856865162729454], [-38.60789860176828, -3.7861615012373626], [-38.61173815843881, -3.798067256767906], [-38.61940623663921, -3.7992180859880125], [-38.62276740411011, -3.7987070594374965], [-38.622373961765035, -3.7951328191209224], [-38.635460311714134, -3.7936271797951115]]]}}, {"type": "Feature", "properties": {"nome": "Bela Vista", "key": "BELA VISTA", "regional": 3, "distrito": 3, "cor": "#7B3517"}, "geometry": {"type": "Polygon", "coordinates": [[[-38.56485845809771, -3.7439210102126905], [-38.55538035504886, -3.7552563303553548], [-38.55351561411455, -3.7569470504127795], [-38.556425083519535, -3.760208574471719], [-38.559504758657276, -3.7575636849909198], [-38.55909406895998, -3.757131593611836], [-38.56064775308772, -3.7555679266751043], [-38.56721697578292, -3.7513785407201854], [-38.565821084905764, -3.749250665883648], [-38.56610717470735, -3.7489803231269536], [-38.565362102277405, -3.7482059394692273], [-38.56640921510702, -3.7472001539180426], [-38.565815506535095, -3.746655294004527], [-38.566559544904244, -3.745893932082969], [-38.56485845809771, -3.7439210102126905]]]}}, {"type": "Feature", "properties": {"nome": "Couto Fernandes", "key": "COUTO FERNANDES", "regional": 4, "distrito": 4, "cor": "#194C4C"}, "geometry": {"type": "Polygon", "coordinates": [[[-38.559228092223904, -3.757270456553212], [-38.559504758657276, -3.7575636849909198], [-38.556425083519535, -3.760208574471719], [-38.557373306514954, -3.7614596920683296], [-38.558247320613845, -3.7634107984776173], [-38.561120755117884, -3.7620079114748757], [-38.564068506425556, -3.7600394168684734], [-38.562261254641015, -3.7578616919137318], [-38.559228092223904, -3.757270456553212]]]}}, {"type": "Feature", "properties": {"nome": "Granja Portugal", "key": "GRANJA PORTUGAL", "regional": 5, "distrito": 5, "cor": "#6E5929"}, "geometry": {"type": "Polygon", "coordinates": [[[-38.5961178672665, -3.7728755246664605], [-38.596289325604225, -3.773456348291884], [-38.59581937915364, -3.774022994938748], [-38.59609796180775, -3.7745849316082216], [-38.5954249259164, -3.775266240908761], [-38.59511685695901, -3.7765611811996282], [-38.59581836442975, -3.777936470940945], [-38.59392086772994, -3.7806354494834644], [-38.59332650731333, -3.783110846420614], [-38.59331417201602, -3.784553165539721], [-38.59236935937345, -3.7848328247834164], [-38.59206146079163, -3.7857438175511327], [-38.59095952357625, -3.7864621954996713], [-38.59071231328194, -3.7890847283073934], [-38.59104185231843, -3.790075101268026], [-38.591777989666994, -3.790523297301942], [-38.59187163937848, -3.7911019961459154], [-38.60936724300044, -3.7856865162729454], [-38.60855406341165, -3.7832488089638185], [-38.6081245114022, -3.7829948690679642], [-38.60594596557185, -3.775196589748599], [-38.60177704623036, -3.7746733145831777], [-38.60026024947299, -3.77317559920808], [-38.59834297398369, -3.7732188664075546], [-38.59783110251211, -3.7720020991344443], [-38.5961178672665, -3.7728755246664605]]]}}, {"type": "Feature", "properties": {"nome": "Maraponga", "key": "MARAPONGA", "regional": 5, "distrito": 5, "cor": "#6E5929"}, "geometry": {"type": "Polygon", "coordinates": [[[-38.56062899706684, -3.787994436508995], [-38.56349523370461, -3.7955617865973106], [-38.56221322119637, -3.7982659414147464], [-38.569698743646406, -3.795999018540771], [-38.5729239315429, -3.8064586007921046], [-38.5758391101682, -3.8054963231239913], [-38.575160344081915, -3.8033223738510977], [-38.57468472276059, -3.791455998168468], [-38.5717604272009, -3.790577077002577], [-38.5702452988658, -3.788738473814791], [-38.568773124568345, -3.7881581568949447], [-38.56745567566316, -3.7880399471811455], [-38.566639583638796, -3.7874709233580393], [-38.56573768693731, -3.7875370536453445], [-38.56528196271832, -3.7870339206375605], [-38.56432066696225, -3.7870196852733686], [-38.56062899706684, -3.787994436508995]]]}}, {"type": "Feature", "properties": {"nome": "Parque Santa Rosa", "key": "PARQUE SANTA ROSA", "regional": 5, "distrito": 5, "cor": "#6E5929"}, "geometry": {"type": "Polygon", "coordinates": [[[-38.59251893699595, -3.8275858157586686], [-38.592415922509595, -3.826722824232523], [-38.5945398674258, -3.82527516866241], [-38.59377736743472, -3.8241143293630064], [-38.600360424432445, -3.8196730685268605], [-38.599419652461016, -3.8182244599249855], [-38.600788208308835, -3.8173086112335914], [-38.59876789226717, -3.8145414117349956], [-38.597894814668074, -3.812693364645406], [-38.59658997047574, -3.813580950042534], [-38.588303872100575, -3.8212764570171314], [-38.59251893699595, -3.8275858157586686]]]}}, {"type": "Feature", "properties": {"nome": "Passaré", "key": "PASSARE", "regional": 6, "distrito": 6, "cor": "#4E2E3E"}, "geometry": {"type": "Polygon", "coordinates": [[[-38.52833355082533, -3.8291055946253483], [-38.534390075503595, -3.827833629345641], [-38.5387394576201, -3.8257530922214062], [-38.543776368532995, -3.82456386879203], [-38.543659289073204, -3.8242981088084003], [-38.5423806676905, -3.824089929655228], [-38.541027655528936, -3.8223249257481466], [-38.53863864032321, -3.8206059002564716], [-38.53718762601819, -3.817976722686802], [-38.54445761341456, -3.8117194015368567], [-38.54471759717152, -3.8099868902446], [-38.54506286323725, -3.8098505744204676], [-38.54560774838912, -3.8081608471894737], [-38.54427380809231, -3.804072534726466], [-38.54360751736409, -3.800193335142963], [-38.542483269070786, -3.7998961221794105], [-38.540021801746214, -3.796834244530712], [-38.53982679091767, -3.795544770336532], [-38.53935903630536, -3.7959998998634594], [-38.53832848282781, -3.79626778786834], [-38.53807265343932, -3.7960833614633622], [-38.53703420079666, -3.797025708574054], [-38.535525890175784, -3.7969727233195623], [-38.53497726884039, -3.7975799925456144], [-38.533206495132326, -3.7972165571691052], [-38.53225674315494, -3.7972943016543526], [-38.531810271079415, -3.7977389335046023], [-38.53141684209245, -3.7975778856049978], [-38.52965453107685, -3.8017711785989157], [-38.52517275322437, -3.8067649463322777], [-38.52439305700099, -3.8068861583256433], [-38.52434086124207, -3.8076668937266493], [-38.523342996683, -3.808789887624404], [-38.52217691827012, -3.80939050191086], [-38.515115740947614, -3.8111386196939123], [-38.515511731133266, -3.812633491775933], [-38.5164256749364, -3.813074690810202], [-38.51687182724107, -3.814106359004096], [-38.51807276254812, -3.8145330445552132], [-38.51887656202765, -3.815604200595217], [-38.519623063520044, -3.8180281418204696], [-38.519250043458264, -3.8185187904893305], [-38.51943247660198, -3.8192492629834884], [-38.51910050053065, -3.8196552059212308], [-38.51902268068106, -3.820619837621559], [-38.51943596516555, -3.8214488954039245], [-38.52051621340581, -3.8219867470219264], [-38.52141296068567, -3.8245683954764838], [-38.52271579329495, -3.8248275696496026], [-38.523534871896565, -3.8253502436774482], [-38.524068369092, -3.8261064719131848], [-38.52626845382783, -3.827210586931901], [-38.527192409644755, -3.828338605575328], [-38.52833355082533, -3.8291055946253483]]]}}, {"type": "Feature", "properties": {"nome": "Mondubim", "key": "MONDUBIM", "regional": 5, "distrito": 5, "cor": "#6E5929"}, "geometry": {"type": "Polygon", "coordinates": [[[-38.560254506914376, -3.8020752764519914], [-38.557703269887355, -3.8065842720766296], [-38.554614978346514, -3.8094727714054226], [-38.55869382939975, -3.8229155261848873], [-38.55918692208684, -3.826862850427865], [-38.559524875030704, -3.826753832737492], [-38.561467536503486, -3.8323333156584685], [-38.56661832114334, -3.8306220484097975], [-38.5711872582443, -3.8267456736335834], [-38.57338846827946, -3.8252565102732117], [-38.5741379784202, -3.8242887506244676], [-38.574053798206506, -3.8239656009018064], [-38.57451358095069, -3.8237999375218172], [-38.57822092656266, -3.822610487315832], [-38.57913507278777, -3.825435322250874], [-38.5791043309763, -3.8261989494024076], [-38.57963618760684, -3.826972820546883], [-38.582377142122546, -3.8253841172896905], [-38.58713492324229, -3.8195249019553468], [-38.58289279257632, -3.8133304277242956], [-38.5784590887742, -3.808508287297347], [-38.577785006334665, -3.807338945922227], [-38.575927469415184, -3.805390855783426], [-38.5729239315429, -3.8064586007921046], [-38.571941948588794, -3.803342231913072], [-38.565031989979694, -3.8055115245329754], [-38.560254506914376, -3.8020752764519914]]]}}, {"type": "Feature", "properties": {"nome": "Parque São José", "key": "PARQUE SAO JOSE", "regional": 5, "distrito": 5, "cor": "#6E5929"}, "geometry": {"type": "Polygon", "coordinates": [[[-38.58861850194139, -3.791002593978876], [-38.58636982626535, -3.79662690634992], [-38.58417948120186, -3.794241032369805], [-38.58301212978179, -3.7953582219188617], [-38.58961902921919, -3.8023432312787815], [-38.59200505709529, -3.800887131802791], [-38.5919215131018, -3.7992967281364898], [-38.59154709370751, -3.7984780708978314], [-38.59169215471463, -3.7955088209967234], [-38.59095266801379, -3.794283679602756], [-38.59150612971279, -3.793975694282948], [-38.58861850194139, -3.791002593978876]]]}}, {"type": "Feature", "properties": {"nome": "Parque Dois Irmãos", "key": "PARQUE DOIS IRMAOS", "regional": 6, "distrito": 6, "cor": "#4E2E3E"}, "geometry": {"type": "Polygon", "coordinates": [[[-38.53982679091767, -3.795544770336532], [-38.540021801746214, -3.796834244530712], [-38.542483269070786, -3.7998961221794105], [-38.54360751736409, -3.800193335142963], [-38.54427380809231, -3.804072534726466], [-38.54560774838912, -3.8081608471894737], [-38.54506286323725, -3.8098505744204676], [-38.54471759717152, -3.8099868902446], [-38.54445761341456, -3.8117194015368567], [-38.53718762601819, -3.817976722686802], [-38.5385447184541, -3.820483192550991], [-38.541027655528936, -3.8223249257481466], [-38.5423806676905, -3.824089929655228], [-38.543659289073204, -3.8242981088084003], [-38.543776368532995, -3.82456386879203], [-38.549726566246505, -3.823631124621539], [-38.55811484210822, -3.8210680632142653], [-38.549639644859646, -3.79301661241053], [-38.548036158784846, -3.7930041105585595], [-38.54750691196349, -3.793426689065456], [-38.54572816254006, -3.7938982583868146], [-38.54496957663859, -3.794737258874855], [-38.544095376929015, -3.794787287123266], [-38.54267045459024, -3.795469833454948], [-38.53982679091767, -3.795544770336532]]]}}, {"type": "Feature", "properties": {"nome": "Panamericano", "key": "PANAMERICANO", "regional": 4, "distrito": 4, "cor": "#194C4C"}, "geometry": {"type": "Polygon", "coordinates": [[[-38.564068506425556, -3.7600394168684734], [-38.57016701457812, -3.756112899266729], [-38.56721697578292, -3.7513785407201854], [-38.560692497588846, -3.7555341011967753], [-38.55909406895998, -3.757131593611836], [-38.562261254641015, -3.7578616919137318], [-38.564068506425556, -3.7600394168684734]]]}}, {"type": "Feature", "properties": {"nome": "Alto da Balança", "key": "ALTO DA BALANCA", "regional": 6, "distrito": 6, "cor": "#4E2E3E"}, "geometry": {"type": "Polygon", "coordinates": [[[-38.517070296221874, -3.7698824620663043], [-38.51814884250435, -3.7655393059853735], [-38.51899789555141, -3.7600658135272185], [-38.51798076053989, -3.760185205376254], [-38.51654668646802, -3.76157910925808], [-38.514031613143665, -3.7624857140317496], [-38.510147908648435, -3.7627991695166783], [-38.50610753559721, -3.7624175594430906], [-38.50709816493907, -3.763854448594239], [-38.50890496163242, -3.768548571235175], [-38.517070296221874, -3.7698824620663043]]]}}, {"type": "Feature", "properties": {"nome": "Siqueira", "key": "SIQUEIRA", "regional": 5, "distrito": 5, "cor": "#6E5929"}, "geometry": {"type": "Polygon", "coordinates": [[[-38.635460311714134, -3.7936271797951115], [-38.622373961765035, -3.7951328191209224], [-38.62276740411011, -3.7987070594374965], [-38.61940623663921, -3.7992180859880125], [-38.60266934334109, -3.796738236889446], [-38.60387988156358, -3.7999281528838904], [-38.60571234223824, -3.803350207742427], [-38.602328176709094, -3.805161448514651], [-38.61813467102954, -3.8212180054062377], [-38.62250026093594, -3.8169656850390976], [-38.62152013422283, -3.8152591106997], [-38.62806691905705, -3.8103711867854133], [-38.63052704057848, -3.809744072459212], [-38.62976770384778, -3.806536654420427], [-38.637726109145824, -3.8046882238345017], [-38.63790293798446, -3.801395372088223], [-38.63568390463457, -3.8001218841946596], [-38.63436383479345, -3.7977021041325587], [-38.63450372367245, -3.797118676954782], [-38.63529720017898, -3.7964522261998708], [-38.635124864946135, -3.795670041585094], [-38.63571303542043, -3.7945035952740627], [-38.635460311714134, -3.7936271797951115]]]}}, {"type": "Feature", "properties": {"nome": "Aerolândia", "key": "AEROLANDIA", "regional": 6, "distrito": 6, "cor": "#4E2E3E"}, "geometry": {"type": "Polygon", "coordinates": [[[-38.51822189937247, -3.770056242488891], [-38.50890496163242, -3.768548571235175], [-38.510321448520024, -3.778779952620121], [-38.51130207063939, -3.782098412102289], [-38.512620262602326, -3.783650874493686], [-38.51419410660088, -3.780272444736248], [-38.514803279713924, -3.7780958892762646], [-38.51791949544857, -3.778932418942876], [-38.51822189937247, -3.770056242488891]]]}}, {"type": "Feature", "properties": {"nome": "Aeroporto", "key": "AEROPORTO", "regional": 4, "distrito": 4, "cor": "#194C4C"}, "geometry": {"type": "Polygon", "coordinates": [[[-38.55095726889207, -3.7737493901420387], [-38.5495401032822, -3.768539187578391], [-38.546864095782496, -3.76884957198381], [-38.54236710206916, -3.7713988639688094], [-38.53889094653527, -3.772072868463755], [-38.53849367633474, -3.772718077589753], [-38.53616144828238, -3.771614252480075], [-38.53270853753982, -3.772422064153607], [-38.53229865426984, -3.770432473946188], [-38.53193067362383, -3.7704629300764783], [-38.53107146194749, -3.769458371465482], [-38.53029182266745, -3.7692901075057885], [-38.52931805584543, -3.768390553559885], [-38.528739562087175, -3.765483515343742], [-38.53035759233922, -3.7647826460445284], [-38.52836230503834, -3.759889697691167], [-38.527056766393805, -3.758701838563437], [-38.52455693502411, -3.757428755266454], [-38.52345751137628, -3.757337271712745], [-38.52265245380952, -3.757784930574164], [-38.52105942149004, -3.759608642405701], [-38.51899789555141, -3.7600658135272185], [-38.51814884250435, -3.7655393059853735], [-38.517070296221874, -3.7698824620663043], [-38.51822189937247, -3.770056242488891], [-38.51791949544857, -3.778932418942876], [-38.514803279713924, -3.7780958892762646], [-38.514497172471806, -3.7792696789864237], [-38.51548190737203, -3.7801016844693853], [-38.51683818422883, -3.783911502408774], [-38.517321121265354, -3.7843775151912302], [-38.52414211056591, -3.7833038013242084], [-38.5272509661094, -3.784408861176099], [-38.52861760279919, -3.7844352218296105], [-38.54650423685547, -3.778824522453283], [-38.55056633988033, -3.775195264839612], [-38.55095726889207, -3.7737493901420387]]]}}, {"type": "Feature", "properties": {"nome": "Jóquei Clube", "key": "JOQUEI CLUBE", "regional": 3, "distrito": 3, "cor": "#7B3517"}, "geometry": {"type": "Polygon", "coordinates": [[[-38.57620280134527, -3.77678001518848], [-38.58171092727205, -3.7753172436183835], [-38.577617625159505, -3.7673646275848105], [-38.57858653337746, -3.7641840330645104], [-38.578764082276905, -3.758005163619249], [-38.56670830910737, -3.764139089435364], [-38.56802945443299, -3.7661018770294508], [-38.569688335151554, -3.7676143675062823], [-38.570857573515035, -3.771026994680998], [-38.57620280134527, -3.77678001518848]]]}}, {"type": "Feature", "properties": {"nome": "Montese", "key": "MONTESE", "regional": 4, "distrito": 4, "cor": "#194C4C"}, "geometry": {"type": "Polygon", "coordinates": [[[-38.55971441414146, -3.766993638886053], [-38.55729329695376, -3.7613280989756714], [-38.55351561411455, -3.7569470504127795], [-38.55062772035924, -3.7589021732770846], [-38.54850525726266, -3.7597470866355955], [-38.54597659295819, -3.7620753289642757], [-38.54081406904217, -3.7636912539377616], [-38.54304020000979, -3.771000976902096], [-38.546864095782496, -3.76884957198381], [-38.5495401032822, -3.768539187578391], [-38.55038344764444, -3.7709183504677175], [-38.559431850007805, -3.7676593397123406], [-38.55971441414146, -3.766993638886053]]]}}, {"type": "Feature", "properties": {"nome": "Serrinha", "key": "SERRINHA", "regional": 4, "distrito": 4, "cor": "#194C4C"}, "geometry": {"type": "Polygon", "coordinates": [[[-38.52794733828252, -3.784496475015889], [-38.53165087664317, -3.796986889771939], [-38.5321962771206, -3.7958403353071546], [-38.53537646760937, -3.7926952532792364], [-38.53707421790214, -3.7915026701844816], [-38.54721986850915, -3.7879194204938456], [-38.55308273874661, -3.7847978850811694], [-38.55390500706343, -3.783896265563681], [-38.55152082003245, -3.777948149615349], [-38.552653620449, -3.777595971033921], [-38.55038344764444, -3.7709183504677175], [-38.55095726889207, -3.7737493901420387], [-38.55056633988033, -3.775195264839612], [-38.54650423685547, -3.778824522453283], [-38.52794733828252, -3.784496475015889]]]}}, {"type": "Feature", "properties": {"nome": "Vila Peri", "key": "VILA PERI", "regional": 4, "distrito": 4, "cor": "#194C4C"}, "geometry": {"type": "Polygon", "coordinates": [[[-38.5746573550128, -3.7908283845486785], [-38.57813576489705, -3.7907138419972513], [-38.57810127726011, -3.7900653967784645], [-38.58301212978179, -3.7953582219188617], [-38.58417948120186, -3.794241032369805], [-38.58636982626535, -3.79662690634992], [-38.58861850194139, -3.791002593978876], [-38.58482583502729, -3.7873227843192088], [-38.58344884889707, -3.785093815154162], [-38.57942204222117, -3.780458135532798], [-38.57289321429614, -3.7848041697504353], [-38.57435943447975, -3.7872215795598785], [-38.5746573550128, -3.7908283845486785]]]}}, {"type": "Feature", "properties": {"nome": "Vila União", "key": "VILA UNIAO", "regional": 4, "distrito": 4, "cor": "#194C4C"}, "geometry": {"type": "Polygon", "coordinates": [[[-38.54304020000979, -3.771000976902096], [-38.540371715174714, -3.7622406174260132], [-38.53626132181109, -3.7635020039079223], [-38.535438023283895, -3.7608231355619774], [-38.52953692428156, -3.76263635962279], [-38.53035759233922, -3.7647826460445284], [-38.528739562087175, -3.765483515343742], [-38.52929672897523, -3.76832616701357], [-38.53029182266745, -3.7692901075057885], [-38.53107146194749, -3.769458371465482], [-38.53193067362383, -3.7704629300764783], [-38.53229865426984, -3.770432473946188], [-38.53270853753982, -3.772422064153607], [-38.53616144828238, -3.771614252480075], [-38.538456603669275, -3.7727256313871713], [-38.53889094653527, -3.772072868463755], [-38.540513390558814, -3.771931187006816], [-38.54304020000979, -3.771000976902096]]]}}, {"type": "Feature", "properties": {"nome": "Álvaro Weyne", "key": "ALVARO WEYNE", "regional": 1, "distrito": 1, "cor": "#113D56"}, "geometry": {"type": "Polygon", "coordinates": [[[-38.56900648578562, -3.7218742910024667], [-38.57376346728139, -3.7192809886922675], [-38.57334964694408, -3.7182094306123092], [-38.57437541517593, -3.7177488528246996], [-38.572286260269486, -3.7123084791423384], [-38.56920175715777, -3.713375958473449], [-38.568312761120325, -3.710752958521231], [-38.56412574719101, -3.7121484664182898], [-38.56344383663804, -3.7100869237896887], [-38.5588671611439, -3.7112424148232703], [-38.56157178587351, -3.7193737536193368], [-38.568128134707614, -3.721178204093489], [-38.56900648578562, -3.7218742910024667]]]}}, {"type": "Feature", "properties": {"nome": "Parangaba", "key": "PARANGABA", "regional": 4, "distrito": 4, "cor": "#194C4C"}, "geometry": {"type": "Polygon", "coordinates": [[[-38.57468472276059, -3.791455998168468], [-38.57437822243311, -3.7872859656634223], [-38.57289321429614, -3.7848041697504353], [-38.57942204222117, -3.780458135532798], [-38.570857573515035, -3.771026994680998], [-38.569688335151554, -3.7676143675062823], [-38.56802945443299, -3.7661018770294508], [-38.56670830910737, -3.764139089435364], [-38.55981364130568, -3.7672363813557217], [-38.55971441414146, -3.766993638886053], [-38.55963302362968, -3.768526054178646], [-38.56109387542909, -3.773030222272676], [-38.56236913329006, -3.7746064043672893], [-38.56105704509498, -3.7743449372029776], [-38.5552007286814, -3.774649359557353], [-38.55434654438381, -3.7749298710302153], [-38.55455753500353, -3.7756146760114757], [-38.55575606857217, -3.776543525195967], [-38.55152082003245, -3.777948149615349], [-38.55390500706343, -3.783896265563681], [-38.554956012459314, -3.7826235242658766], [-38.56063956850851, -3.7793983489974354], [-38.564113340761466, -3.7838124063585177], [-38.56578007451715, -3.783290694053048], [-38.566699007099636, -3.7863609787571173], [-38.56673829725471, -3.787554454042086], [-38.56745567566316, -3.7880399471811455], [-38.568773124568345, -3.7881581568949447], [-38.57026213764024, -3.788747462465827], [-38.57178734041771, -3.790591481705773], [-38.57468472276059, -3.791455998168468]]]}}, {"type": "Feature", "properties": {"nome": "Pici", "key": "PICI", "regional": 3, "distrito": 3, "cor": "#7B3517"}, "geometry": {"type": "Polygon", "coordinates": [[[-38.56918292289594, -3.7387023324054582], [-38.56485845809771, -3.7439210102126905], [-38.566559544904244, -3.745893932082969], [-38.565815506535095, -3.746655294004527], [-38.56640921510702, -3.7472001539180426], [-38.565362102277405, -3.7482059394692273], [-38.56610717470735, -3.7489803231269536], [-38.56582912739569, -3.7492677436979513], [-38.57016701457812, -3.756112899266729], [-38.5695925279668, -3.756487041257778], [-38.572396200208786, -3.7610971566471325], [-38.578764082276905, -3.758005163619249], [-38.578839280893064, -3.7559539844162977], [-38.58231571429135, -3.7534202425391143], [-38.582443170501385, -3.753579750245528], [-38.58450630046834, -3.749429742235893], [-38.58487708174622, -3.7444249970258916], [-38.58403612923488, -3.7432959757449513], [-38.58222485295983, -3.742305427235565], [-38.57890448761409, -3.741325831781528], [-38.57706161020925, -3.7391011492997994], [-38.57423292740553, -3.738190969576968], [-38.573318790280894, -3.7371959360694404], [-38.5692234635857, -3.736730320878991], [-38.56918292289594, -3.7387023324054582]]]}}, {"type": "Feature", "properties": {"nome": "Praia do Futuro I", "key": "PRAIA DO FUTURO I", "regional": 2, "distrito": 2, "cor": "#22542D"}, "geometry": {"type": "Polygon", "coordinates": [[[-38.45635947007637, -3.730287570939304], [-38.456190500716325, -3.7311069896051077], [-38.447929090376256, -3.747071351274551], [-38.449792720845586, -3.748121960236724], [-38.45032663077513, -3.747132285261958], [-38.45547851240274, -3.749632216844823], [-38.463958119900155, -3.73205948699162], [-38.46168566528567, -3.7327876991447284], [-38.45635947007637, -3.730287570939304]]]}}, {"type": "Feature", "properties": {"nome": "Cais do Porto", "key": "CAIS DO PORTO", "regional": 2, "distrito": 2, "cor": "#22542D"}, "geometry": {"type": "Polygon", "coordinates": [[[-38.47900207353977, -3.721983467716396], [-38.47938684374436, -3.720907009840641], [-38.47889400915692, -3.720694305430638], [-38.47909288320377, -3.7199351779112466], [-38.478702044032815, -3.72034994188139], [-38.478082988177306, -3.720217445861013], [-38.47792427771895, -3.720462770330574], [-38.47768850647459, -3.7203163497467124], [-38.477916861206204, -3.7199648119688993], [-38.47766948033489, -3.7203034187700084], [-38.47655127418969, -3.719604144028205], [-38.4762783199663, -3.7192558394808626], [-38.47667870985666, -3.7189723619648816], [-38.47626188460352, -3.719211386033099], [-38.476043729871655, -3.718595429231176], [-38.47615900733202, -3.717678742047457], [-38.47658171737394, -3.7172706941351703], [-38.47753792290671, -3.7172891315644803], [-38.47727271490599, -3.7153169498295973], [-38.48261670447958, -3.7122896517165658], [-38.483328288519125, -3.709878728784346], [-38.48307938000501, -3.7098078382261823], [-38.48242267097878, -3.712198970097453], [-38.47721366411073, -3.715153460906712], [-38.475242268917164, -3.7122720632667985], [-38.473169736622985, -3.706387144745474], [-38.47542624730583, -3.7041917703905027], [-38.47480606794754, -3.7035145018045665], [-38.47625128908141, -3.7011816264805724], [-38.48241672963421, -3.699115435625198], [-38.48250033854362, -3.698732541617298], [-38.4797477394037, -3.699855871533995], [-38.47358776982469, -3.7016354892710384], [-38.472800944837594, -3.7024847666916294], [-38.47051109551716, -3.7067917451941446], [-38.46861639545018, -3.7077360648491138], [-38.467830108175455, -3.707819362173068], [-38.467150551875626, -3.708620841164078], [-38.46045935848116, -3.705107655601049], [-38.460459334465604, -3.7054446405250836], [-38.464030023454924, -3.7075418641543574], [-38.46348342186906, -3.7127528136936907], [-38.46140045578982, -3.7191244136524753], [-38.474403580406594, -3.725441088321379], [-38.47583413026114, -3.722430222324125], [-38.47850314809677, -3.7215465926747116], [-38.47900207353977, -3.721983467716396]]]}}, {"type": "Feature", "properties": {"nome": "Cidade 2000", "key": "CIDADE 2000", "regional": 2, "distrito": 2, "cor": "#22542D"}, "geometry": {"type": "Polygon", "coordinates": [[[-38.4691613972595, -3.7548878494525346], [-38.476259846907105, -3.7525974384779133], [-38.47461651845812, -3.747424531601415], [-38.4674518093586, -3.74969247720448], [-38.4691613972595, -3.7548878494525346]]]}}, {"type": "Feature", "properties": {"nome": "Manuel Dias Branco", "key": "MANUEL DIAS BRANCO", "regional": 2, "distrito": 2, "cor": "#22542D"}, "geometry": {"type": "Polygon", "coordinates": [[[-38.47179599149559, -3.7625714381617064], [-38.4674518093586, -3.74969247720448], [-38.46671442377843, -3.7465003232402263], [-38.456886779827585, -3.749661078695299], [-38.45547851240274, -3.749632216844823], [-38.444693783284784, -3.7716752332081267], [-38.44422292553669, -3.772455928143211], [-38.44358062334188, -3.7727332226833163], [-38.44397073803126, -3.7733660329843475], [-38.44335114579381, -3.7741427591264585], [-38.44357173910206, -3.774628509957701], [-38.451402115564065, -3.768923040118812], [-38.45464472432127, -3.7669995371878575], [-38.45667052202002, -3.7668446051753413], [-38.45916358412615, -3.7677265748718582], [-38.4610041750385, -3.767614118097785], [-38.46939905909896, -3.7650348478853246], [-38.47179599149559, -3.7625714381617064]]]}}, {"type": "Feature", "properties": {"nome": "Praia do Futuro II", "key": "PRAIA DO FUTURO II", "regional": 2, "distrito": 2, "cor": "#22542D"}, "geometry": {"type": "Polygon", "coordinates": [[[-38.447929090376256, -3.747071351274551], [-38.44038775532759, -3.7617393816851292], [-38.437993382165814, -3.765042805871318], [-38.43542804502275, -3.770215029210445], [-38.43555697044052, -3.7711153210211945], [-38.43713062386736, -3.770642058646362], [-38.43789906212972, -3.771522966828888], [-38.43609396112952, -3.777971504108721], [-38.43635023755443, -3.779525167647746], [-38.43752294540235, -3.7804574609058808], [-38.43807984817301, -3.780560063957219], [-38.43862005427814, -3.780248011250929], [-38.438335685707244, -3.77840748637552], [-38.438768653907935, -3.777785800311092], [-38.44123338459254, -3.7765562405040543], [-38.44357173910206, -3.774628509957701], [-38.44335114579381, -3.7741427591264585], [-38.44397073803126, -3.7733660329843475], [-38.44358062334188, -3.7727332226833163], [-38.44422292553669, -3.772455928143211], [-38.444693783284784, -3.7716752332081267], [-38.45547851240274, -3.749632216844823], [-38.45032663077513, -3.747132285261958], [-38.449792720845586, -3.748121960236724], [-38.447929090376256, -3.747071351274551]]]}}, {"type": "Feature", "properties": {"nome": "Planalto Ayrton Senna", "key": "PLANALTO AYRTON SENNA", "regional": 5, "distrito": 5, "cor": "#6E5929"}, "geometry": {"type": "Polygon", "coordinates": [[[-38.57963618760684, -3.826972820546883], [-38.5791043309763, -3.8261989494024076], [-38.57913507278777, -3.825435322250874], [-38.57822092656266, -3.822610487315832], [-38.574053798206506, -3.8239656009018064], [-38.5741379784202, -3.8242887506244676], [-38.57338846827946, -3.8252565102732117], [-38.5711872582443, -3.8267456736335834], [-38.56661832114334, -3.8306220484097975], [-38.561467536503486, -3.8323333156584685], [-38.56547289303804, -3.8435680102986076], [-38.56739828600681, -3.8434491927289294], [-38.58334879259155, -3.839393535708271], [-38.583441820375434, -3.8386725992634947], [-38.57963618760684, -3.826972820546883]]]}}, {"type": "Feature", "properties": {"nome": "De Lourdes", "key": "DE LOURDES", "regional": 2, "distrito": 2, "cor": "#22542D"}, "geometry": {"type": "Polygon", "coordinates": [[[-38.463694299241766, -3.7474720434994007], [-38.46530836951311, -3.743835905054953], [-38.46520930151274, -3.742491657235682], [-38.466433955322984, -3.740159894555178], [-38.46759843707102, -3.7395192778883897], [-38.46969158041066, -3.7354682564003068], [-38.46881756697548, -3.733322653553536], [-38.46448435830485, -3.7319424560766112], [-38.463958119900155, -3.73205948699162], [-38.45547851240274, -3.749632216844823], [-38.456886779827585, -3.749661078695299], [-38.463694299241766, -3.7474720434994007]]]}}, {"type": "Feature", "properties": {"nome": "Olavo Oliveira", "key": "OLAVO OLIVEIRA", "regional": 3, "distrito": 3, "cor": "#7B3517"}, "geometry": {"type": "Polygon", "coordinates": [[[-38.59616668182891, -3.725342423149671], [-38.58497617124477, -3.728633954483006], [-38.58458370749392, -3.7316161604915417], [-38.59200199789152, -3.734829349735721], [-38.59616668182891, -3.725342423149671]]]}}, {"type": "Feature", "properties": {"nome": "Conjunto Palmeiras", "key": "CONJUNTO PALMEIRAS", "regional": 6, "distrito": 6, "cor": "#4E2E3E"}, "geometry": {"type": "Polygon", "coordinates": [[[-38.52322614290443, -3.8637444032913693], [-38.542319333673014, -3.859190181824378], [-38.53949365735378, -3.8420116440219902], [-38.53826456294819, -3.840444252402997], [-38.5358521596725, -3.8431525301335316], [-38.535290577431205, -3.8427582947673953], [-38.53514587364891, -3.842200492324416], [-38.53556362273561, -3.8414883903324086], [-38.53533076381971, -3.840395794749341], [-38.53430876192321, -3.8401181389115426], [-38.53424207320221, -3.8390292526942402], [-38.532517988514485, -3.8373492529446596], [-38.5323182869737, -3.836312435949496], [-38.53109196512122, -3.8350809254548137], [-38.53031451610116, -3.833257994028659], [-38.523854944389484, -3.839572448449842], [-38.523177080939426, -3.8396217246112165], [-38.52165903641753, -3.8387601285505566], [-38.52168847954567, -3.84182356609532], [-38.519573651785876, -3.8436381383578113], [-38.51877443000246, -3.842689733187758], [-38.51756523276957, -3.843647802621598], [-38.51855932248254, -3.8449268674336867], [-38.518829278527456, -3.844671785092843], [-38.519560073773114, -3.846479767760491], [-38.52028583051257, -3.8465028664846037], [-38.521107980394326, -3.8497443447292823], [-38.520097382380605, -3.8501588970884226], [-38.521005352140236, -3.85229655752544], [-38.52172522290252, -3.8520318907092763], [-38.52242348014091, -3.8543979388992984], [-38.524024666482156, -3.85318674894927], [-38.5232919882456, -3.8582035506412033], [-38.52322614290443, -3.8637444032913693]]]}}, {"type": "Feature", "properties": {"nome": "São Bento", "key": "SAO BENTO", "regional": 6, "distrito": 6, "cor": "#4E2E3E"}, "geometry": {"type": "Polygon", "coordinates": [[[-38.473760953231626, -3.8547543114477762], [-38.47497012499996, -3.8545192009737486], [-38.47584579899995, -3.8552520939738906], [-38.47590761099991, -3.8560689769738206], [-38.47534470699996, -3.85781800897391], [-38.477774024999974, -3.859211168974016], [-38.47804391199991, -3.860227010974093], [-38.477345904999865, -3.8612110019740813], [-38.47777403599997, -3.8620072119741775], [-38.47796234809869, -3.862237304944887], [-38.47971269812278, -3.862277088702077], [-38.48082184599977, -3.863673200974178], [-38.48304713975306, -3.863134573362972], [-38.48429318713232, -3.8638817153859257], [-38.48442716501903, -3.864260755897851], [-38.485574824072124, -3.8646184763982157], [-38.49154646401447, -3.8635415519240754], [-38.49101883138836, -3.860471968518326], [-38.49194106129925, -3.8566757639095393], [-38.482746928886584, -3.855229597244533], [-38.483057890459385, -3.8529763198379317], [-38.48278001395881, -3.8493242686845623], [-38.48218720527651, -3.8463895192497777], [-38.48044284154965, -3.845067449483758], [-38.47844930824498, -3.8464025203314773], [-38.477115693663045, -3.847903205109673], [-38.473760953231626, -3.8547543114477762]]]}}, {"type": "Feature", "properties": {"nome": "Novo Mondubim", "key": "NOVO MONDUBIM", "regional": 5, "distrito": 5, "cor": "#6E5929"}, "geometry": {"type": "Polygon", "coordinates": [[[-38.59428171899377, -3.8075809318831704], [-38.5879329627884, -3.8006085485215806], [-38.588196111703766, -3.80142197620043], [-38.587934663086976, -3.802520882902089], [-38.5859949084145, -3.803964129250849], [-38.58526741331932, -3.8028531822571487], [-38.58414477662043, -3.8042538113236297], [-38.58371630854257, -3.8036178828086484], [-38.580755076928234, -3.80178174751882], [-38.579665874273, -3.8020242897168774], [-38.57854825402051, -3.801845542937271], [-38.57673166346069, -3.803661754980975], [-38.575927469415184, -3.805390855783426], [-38.58277035208734, -3.813174918350604], [-38.5843861193503, -3.815494496364512], [-38.586274063635145, -3.815058076209408], [-38.58719996615463, -3.814477890082338], [-38.591053808952175, -3.8099803393478955], [-38.59428171899377, -3.8075809318831704]]]}}, {"type": "Feature", "properties": {"nome": "Vicente Pinzón", "key": "VICENTE PINZON", "regional": 2, "distrito": 2, "cor": "#22542D"}, "geometry": {"type": "Polygon", "coordinates": [[[-38.48271020378296, -3.732507610860762], [-38.48033812014364, -3.728672406597899], [-38.48030876476769, -3.7242920333643763], [-38.47953867925793, -3.7225150803913114], [-38.47850314809677, -3.7215465926747116], [-38.47583413026114, -3.722430222324125], [-38.474403580406594, -3.725441088321379], [-38.46140045578982, -3.7191244136524753], [-38.45718542867831, -3.7290235489970844], [-38.45635947007637, -3.730287570939304], [-38.46168566528567, -3.7327876991447284], [-38.464500584024364, -3.7319434362411257], [-38.46863688246441, -3.733224287042039], [-38.46916625735862, -3.7337085690237384], [-38.46980236355034, -3.735838721253474], [-38.47019322175952, -3.736144732643547], [-38.48271020378296, -3.732507610860762]]]}}, {"type": "Feature", "properties": {"nome": "Boa Vista / Castelão", "key": "BOA VISTA / CASTELAO", "regional": 6, "distrito": 6, "cor": "#4E2E3E"}, "geometry": {"type": "Polygon", "coordinates": [[[-38.53141684209245, -3.7975778856049978], [-38.527917502511265, -3.795900930819359], [-38.52741836663415, -3.7952360807852545], [-38.52663373153089, -3.792726921754108], [-38.52576033909036, -3.792838782375024], [-38.52446022342634, -3.792002454903032], [-38.52310803901161, -3.792172112378732], [-38.52202201988525, -3.7927635075566126], [-38.52113368933678, -3.792619117914263], [-38.520773307150556, -3.7921480976211996], [-38.520600966286025, -3.790207920139063], [-38.51955320474498, -3.789787007422822], [-38.519277158537406, -3.7890572720041025], [-38.51865519149898, -3.78897992799687], [-38.51832757327059, -3.788346094777828], [-38.517069831488676, -3.7874247817128914], [-38.516928743539225, -3.789778024923672], [-38.517440204255124, -3.7923820947981035], [-38.514536727656406, -3.7930305883134507], [-38.51475958586043, -3.793832995794111], [-38.51451775667298, -3.794842660453983], [-38.51412656845997, -3.7955366780059894], [-38.51319015828441, -3.7959791994730043], [-38.51305039988194, -3.796472660514768], [-38.513098991981465, -3.7972136291354692], [-38.513812685427496, -3.797308701123726], [-38.51436645558068, -3.7980045138047123], [-38.5142697207154, -3.7990868393532624], [-38.51543384298042, -3.800422325894044], [-38.51540718348358, -3.80090764639425], [-38.51501624292681, -3.8011535650597716], [-38.51516758905682, -3.80353614895858], [-38.51468026756276, -3.804227587465605], [-38.515418777920274, -3.804897628160106], [-38.51530957201107, -3.8058089117021265], [-38.51467146940125, -3.806476282182001], [-38.51520639748018, -3.8071695598656166], [-38.514898184544144, -3.8077828397173086], [-38.51519885311689, -3.8094239354417336], [-38.51474112077229, -3.8100036810018287], [-38.515115740947614, -3.8111386196939123], [-38.52217691827012, -3.80939050191086], [-38.523342996683, -3.808789887624404], [-38.52434086124207, -3.8076668937266493], [-38.52439305700099, -3.8068861583256433], [-38.52517275322437, -3.8067649463322777], [-38.52965453107685, -3.8017711785989157], [-38.53141684209245, -3.7975778856049978]]]}}, {"type": "Feature", "properties": {"nome": "Manoel Sátiro", "key": "MANOEL SATIRO", "regional": 5, "distrito": 5, "cor": "#6E5929"}, "geometry": {"type": "Polygon", "coordinates": [[[-38.5879329627884, -3.8006085485215806], [-38.57810127726011, -3.7900653967784645], [-38.57813576489705, -3.7907138419972513], [-38.5746573550128, -3.7908283845486785], [-38.575160344081915, -3.8033223738510977], [-38.5758391101682, -3.8054963231239913], [-38.57673166346069, -3.803661754980975], [-38.57854825402051, -3.801845542937271], [-38.579665874273, -3.8020242897168774], [-38.580755076928234, -3.80178174751882], [-38.58371630854257, -3.8036178828086484], [-38.58414477662043, -3.8042538113236297], [-38.58526741331932, -3.8028531822571487], [-38.5859949084145, -3.803964129250849], [-38.587759604432264, -3.8027709851243916], [-38.58818709495277, -3.801678114827925], [-38.5879329627884, -3.8006085485215806]]]}}, {"type": "Feature", "properties": {"nome": "Conjunto Ceará I", "key": "CONJUNTO CEARA I", "regional": 5, "distrito": 5, "cor": "#6E5929"}, "geometry": {"type": "Polygon", "coordinates": [[[-38.59745045276942, -3.7700775616742592], [-38.60237489192632, -3.771066206620127], [-38.60505410334397, -3.770670013646302], [-38.60660433054484, -3.769842240572369], [-38.60808799402125, -3.768379285642247], [-38.61318746965532, -3.7648580948847075], [-38.61456050380987, -3.763414754974587], [-38.61184702483909, -3.75727345404982], [-38.60797405239617, -3.7588161716082307], [-38.6075117308706, -3.758702790247884], [-38.6037498646625, -3.759971773879204], [-38.60116807213151, -3.766898800261775], [-38.59871132204401, -3.7658565589027235], [-38.59771911882138, -3.7659034857123697], [-38.59699556418185, -3.7664528263038632], [-38.59687730013447, -3.767179354704409], [-38.59745045276942, -3.7700775616742592]]]}}, {"type": "Feature", "properties": {"nome": "Conjunto Ceará II", "key": "CONJUNTO CEARA II", "regional": 5, "distrito": 5, "cor": "#6E5929"}, "geometry": {"type": "Polygon", "coordinates": [[[-38.60177704623036, -3.7746733145831777], [-38.62145316703304, -3.7770286759464495], [-38.61816652384659, -3.770667153680787], [-38.616792908275265, -3.7688288516276036], [-38.6169467082034, -3.768664198677981], [-38.61456050380987, -3.763414754974587], [-38.61278330497905, -3.7652010395516773], [-38.60552339260878, -3.7704903642149925], [-38.60237489192632, -3.771066206620127], [-38.59745045276942, -3.7700775616742592], [-38.59816512844986, -3.773075810484089], [-38.59867363807392, -3.773309429292515], [-38.60026024947299, -3.77317559920808], [-38.60177704623036, -3.7746733145831777]]]}}, {"type": "Feature", "properties": {"nome": "Parque Presidente Vargas", "key": "PARQUE PRESIDENTE VARGAS", "regional": 5, "distrito": 5, "cor": "#6E5929"}, "geometry": {"type": "Polygon", "coordinates": [[[-38.59641885219563, -3.833435261064904], [-38.60735256384002, -3.8277683040324515], [-38.60349458842565, -3.820529817589238], [-38.600788208308835, -3.8173086112335914], [-38.599419652461016, -3.8182244599249855], [-38.600360424432445, -3.8196730685268605], [-38.59377736743472, -3.8241143293630064], [-38.5945398674258, -3.82527516866241], [-38.592415922509595, -3.826722824232523], [-38.59251893699595, -3.8275858157586686], [-38.59641885219563, -3.833435261064904]]]}}, {"type": "Feature", "properties": {"nome": "Engenheiro Luciano Cavalcante", "key": "ENGENHEIRO LUCIANO CAVALCANTE", "regional": 2, "distrito": 2, "cor": "#22542D"}, "geometry": {"type": "Polygon", "coordinates": [[[-38.50192695833429, -3.775650199643923], [-38.50102211064079, -3.7727684376154174], [-38.49894015899875, -3.7734389107262496], [-38.497739780439176, -3.769490888729756], [-38.496065733693555, -3.7657438806084444], [-38.49143747775805, -3.7685569295577004], [-38.48763326956391, -3.770036490371329], [-38.4872477799379, -3.769002482689586], [-38.4873912482889, -3.767215107955266], [-38.48348174717947, -3.766863109018763], [-38.48234172115345, -3.7664882473434633], [-38.48067771843464, -3.7869236167094495], [-38.48573153524935, -3.787368728621904], [-38.49079798179476, -3.786736978867382], [-38.49303543331331, -3.787043423706375], [-38.49491606161322, -3.7865309191583516], [-38.493965324655754, -3.7832815153643233], [-38.49487251035245, -3.7830115305172956], [-38.49512243628363, -3.7821368944976896], [-38.49645402690118, -3.780634126552691], [-38.49887366879878, -3.7793686878396997], [-38.499729139888025, -3.7763626247660986], [-38.50192695833429, -3.775650199643923]]]}}, {"type": "Feature", "properties": {"nome": "Guajeru", "key": "GUAJERU", "regional": 6, "distrito": 6, "cor": "#4E2E3E"}, "geometry": {"type": "Polygon", "coordinates": [[[-38.47443914274054, -3.826295621802909], [-38.475445583650604, -3.8317870589453054], [-38.47408814266801, -3.8328498840239167], [-38.478253593465645, -3.8374670410722747], [-38.47927643024691, -3.8391808785894628], [-38.479841426140254, -3.8386418318257793], [-38.480275386257574, -3.8388001422010585], [-38.485131360406164, -3.8362294843249765], [-38.48378043703369, -3.8336700711175076], [-38.482480900311025, -3.833838603321606], [-38.48217047746881, -3.82820478041501], [-38.4808696643886, -3.827400958484084], [-38.47955148404666, -3.825695483501982], [-38.47890173177035, -3.8255539201250786], [-38.47443914274054, -3.826295621802909]]]}}, {"type": "Feature", "properties": {"nome": "Prefeito José Walter", "key": "PREFEITO JOSE WALTER", "regional": 5, "distrito": 5, "cor": "#6E5929"}, "geometry": {"type": "Polygon", "coordinates": [[[-38.54135871324492, -3.853367270806245], [-38.55727015684195, -3.846845379167054], [-38.565570684082005, -3.8438681343942322], [-38.559524875030704, -3.826753832737492], [-38.55918692208684, -3.826862850427865], [-38.55869382939975, -3.8229155261848873], [-38.55811484210822, -3.8210680632142653], [-38.549726566246505, -3.823631124621539], [-38.543765113561605, -3.8245659952955675], [-38.5387394576201, -3.8257530922214062], [-38.534390075503595, -3.827833629345641], [-38.52833355082533, -3.8291055946253483], [-38.528446661918984, -3.8294243345900014], [-38.52962221905342, -3.829752321455863], [-38.531073654080245, -3.830682323337468], [-38.531232379606834, -3.831710072834561], [-38.53034941703043, -3.833118776914486], [-38.530426130870104, -3.833678524126579], [-38.53122060044407, -3.8352653817180937], [-38.5323182869737, -3.836312435949496], [-38.532526606952686, -3.8373616528789274], [-38.53424207320221, -3.8390292526942402], [-38.53430876192321, -3.8401181389115426], [-38.53533076381971, -3.840395794749341], [-38.53556362273561, -3.8414883903324086], [-38.53514587364891, -3.842200492324416], [-38.535290577431205, -3.8427582947673953], [-38.5358521596725, -3.8431525301335316], [-38.53826456294819, -3.840444252402997], [-38.53949365735378, -3.8420116440219902], [-38.54135871324492, -3.853367270806245]]]}}, {"type": "Feature", "properties": {"nome": "Parque Santa Maria", "key": "PARQUE SANTA MARIA", "regional": 6, "distrito": 6, "cor": "#4E2E3E"}, "geometry": {"type": "Polygon", "coordinates": [[[-38.49419030206032, -3.839010079449401], [-38.49459154607382, -3.8471609534920215], [-38.49683192538638, -3.860399462092333], [-38.501986782382566, -3.8594669634325993], [-38.502429064746366, -3.8598943671765813], [-38.50667751049324, -3.8561194327827444], [-38.50510980296794, -3.8519179857628707], [-38.5017792895711, -3.8449117503592216], [-38.49715468201585, -3.8403657023536693], [-38.49532632742033, -3.8397902599608718], [-38.49419030206032, -3.839010079449401]]]}}, {"type": "Feature", "properties": {"nome": "Tauape", "key": "TAUAPE", "regional": 2, "distrito": 2, "cor": "#22542D"}, "geometry": {"type": "Polygon", "coordinates": [[[-38.50438218255419, -3.762173676541802], [-38.51106885954237, -3.762749750910265], [-38.51270350214632, -3.7623950472824808], [-38.514031613143665, -3.7624857140317496], [-38.51654668646802, -3.76157910925808], [-38.51798076053989, -3.760185205376254], [-38.51899789555141, -3.7600658135272185], [-38.52049691169455, -3.7535398702863905], [-38.50731472429139, -3.751998307257242], [-38.50227942969982, -3.753336554247221], [-38.500121513607404, -3.752006112806999], [-38.49560934554673, -3.7509061331530043], [-38.49391151737217, -3.749197854355996], [-38.49022930343749, -3.7503739043118727], [-38.49065855172037, -3.752309071691655], [-38.49278861911947, -3.752287199090661], [-38.49607946790574, -3.75475001971605], [-38.500811332024206, -3.756272177554712], [-38.50200217563191, -3.7577234211660517], [-38.50322107165295, -3.761550699271377], [-38.50438218255419, -3.762173676541802]]]}}, {"type": "Feature", "properties": {"nome": "Sapiranga / Coité", "key": "SAPIRANGA / COITE", "regional": 6, "distrito": 6, "cor": "#4E2E3E"}, "geometry": {"type": "Polygon", "coordinates": [[[-38.46160374002332, -3.8077937972939457], [-38.465313551497545, -3.8052080757686055], [-38.465887784196816, -3.800827154311926], [-38.47935855687533, -3.8019752534090245], [-38.480458571840174, -3.789446768308576], [-38.45925941439577, -3.7876145569039767], [-38.45890332427042, -3.791926225213504], [-38.45824106045309, -3.791876108761243], [-38.45818549002378, -3.7925796937480234], [-38.45649082817046, -3.7926565508479957], [-38.45534625338817, -3.7935799061960185], [-38.45412597785798, -3.7968629281268793], [-38.45410757538394, -3.7977465231918157], [-38.45176494979901, -3.8007720670897416], [-38.45145002730208, -3.805889226069584], [-38.46160374002332, -3.8077937972939457]]]}}]}